Date,Name,Year,Letterboxd URI
2023-01-05,Kill Bill: Vol. 1,2003,https://boxd.it/70w
2023-01-05,Manila in the Claws of Light,1975,https://boxd.it/2taM
2023-01-05,Seven Samurai,1954,https://boxd.it/2axi
2023-01-05,Stand by Me,1986,https://boxd.it/2aOe
2023-01-05,Unbreakable,2000,https://boxd.it/1XV2
2023-01-05,Top Gun: Maverick,2022,https://boxd.it/cjr4
2023-01-06,The Irishman,2019,https://boxd.it/dYOq
2023-01-07,Joyland,2022,https://boxd.it/AlzM
2023-01-13,Firebird,2021,https://boxd.it/u1ei
2023-03-27,The Rocky Horror Picture Show,1975,https://boxd.it/1a3q
2023-03-27,Dune,2021,https://boxd.it/fA7G
2023-04-17,50/50,2011,https://boxd.it/10Tw
2023-04-18,Aloners,2021,https://boxd.it/ujeK
2023-04-25,The Red Turtle,2016,https://boxd.it/bdkE
2023-04-25,The Machinist,2004,https://boxd.it/248c
2023-04-25,Psycho,1960,https://boxd.it/2ab2
2023-04-26,Your Lie in April,2014,https://boxd.it/px2S
2023-04-26,Monster,2004,https://boxd.it/py6Q
2023-05-01,Magnolia,1999,https://boxd.it/2aze
2023-05-02,The Deer Hunter,1978,https://boxd.it/1T6O
2023-05-02,Heat,1995,https://boxd.it/2bg8
2023-05-02,Once Upon a Time in America,1984,https://boxd.it/2aCs
2023-05-02,Pan's Labyrinth,2006,https://boxd.it/28No
2023-05-02,West Side Story,2021,https://boxd.it/iwt0
2023-05-02,Come and See,1985,https://boxd.it/1w9q
2023-05-02,City of God,2002,https://boxd.it/2a2a
2023-05-02,Central Station,1998,https://boxd.it/29RG
2023-05-02,My Blueberry Nights,2007,https://boxd.it/27H0
2023-05-04,Ivan's Childhood,1962,https://boxd.it/1j6y
2023-05-04,Solaris,1972,https://boxd.it/2a2Y
2023-05-04,Andrei Rublev,1966,https://boxd.it/29lg
2023-05-06,TÁR,2022,https://boxd.it/uNIA
2023-05-06,Nope,2022,https://boxd.it/sDCe
2023-05-06,Singin' in the Rain,1952,https://boxd.it/29oY
2023-05-06,Twin Peaks: The Return,2017,https://boxd.it/hN9O
2023-05-06,"4 Months, 3 Weeks and 2 Days",2007,https://boxd.it/27DW
2023-05-06,Children of Men,2006,https://boxd.it/1Y2i
2023-05-06,The Motorcycle Diaries,2004,https://boxd.it/28nU
2023-05-06,Cinema Paradiso,1988,https://boxd.it/1UlA
2023-05-06,The Quiet Girl,2022,https://boxd.it/yvgm
2023-05-06,Hugo,2011,https://boxd.it/R08
2023-05-11,Made in Hong Kong,1997,https://boxd.it/1uFk
2023-05-11,In the Bedroom,2001,https://boxd.it/27Fo
2023-05-11,A Trip to the Moon,1902,https://boxd.it/29EC
2023-05-11,Moonage Daydream,2022,https://boxd.it/A8Co
2023-05-12,Tarnation,2003,https://boxd.it/28KY
2023-05-12,An Autumn Afternoon,1962,https://boxd.it/CUU
2023-05-12,Tokyo Twilight,1957,https://boxd.it/sq6
2023-05-18,Twin Peaks,1989,https://boxd.it/g8pk
2023-05-18,The Haunting of Bly Manor,2020,https://boxd.it/rUdS
2023-05-19,Amélie,2001,https://boxd.it/2aUc
2023-05-20,"Like Father, Like Son",2013,https://boxd.it/5rQs
2023-05-21,Thoroughbreds,2017,https://boxd.it/dVHQ
2023-05-21,Bol,2011,https://boxd.it/2uqc
2023-05-22,The Lost Daughter,2021,https://boxd.it/kgww
2023-05-23,I Am Cuba,1964,https://boxd.it/1hUQ
2023-05-23,Brief Encounter,1945,https://boxd.it/29sm
2023-05-23,Manhattan,1979,https://boxd.it/29Na
2023-05-25,The Aviator,2004,https://boxd.it/26BU
2023-05-25,The Talented Mr. Ripley,1999,https://boxd.it/2924
2023-05-25,Sleep,2023,https://boxd.it/Aqmo
2023-05-26,20th Century Women,2016,https://boxd.it/bqU6
2023-05-26,C'mon C'mon,2021,https://boxd.it/nrI0
2023-05-29,Cat on a Hot Tin Roof,1958,https://boxd.it/2aK2
2023-05-29,Triangle,2009,https://boxd.it/1tQG
2023-05-29,The Menu,2022,https://boxd.it/lScm
2023-05-29,Bullet Train,2022,https://boxd.it/qW26
2023-05-30,BEEF,2023,https://boxd.it/FPsm
2023-05-31,A Clockwork Orange,1971,https://boxd.it/2aVE
2023-06-03,Mushi-Shi,2005,https://boxd.it/px1U
2023-06-03,NANA,2006,https://boxd.it/qBBE
2023-06-03,Banana Fish,2018,https://boxd.it/qL4q
2023-06-04,Hot Rod,2007,https://boxd.it/1X9C
2023-06-04,Triangle of Sadness,2022,https://boxd.it/hXlq
2023-06-04,Inu-Oh,2021,https://boxd.it/nQDE
2023-06-05,BlackBerry,2023,https://boxd.it/CoVK
2023-06-07,Jaws,1975,https://boxd.it/2a5e
2023-06-08,Carol,2015,https://boxd.it/7DPK
2023-06-13,Wendy and Lucy,2008,https://boxd.it/1Zx2
2023-06-13,Thief,1981,https://boxd.it/1TEc
2023-06-15,Margaret,2011,https://boxd.it/2kbm
2023-06-17,The Fly,1986,https://boxd.it/1YIe
2023-06-24,A Serious Man,2009,https://boxd.it/1RFW
2023-06-25,Popstar: Never Stop Never Stopping,2016,https://boxd.it/blDa
2023-06-27,The Call,2020,https://boxd.it/l94W
2023-07-03,Nimona,2023,https://boxd.it/Aiyc
2023-07-06,The Fighter,2010,https://boxd.it/PP4
2023-07-07,The Babadook,2014,https://boxd.it/77xu
2023-07-08,Killers of the Flower Moon,2023,https://boxd.it/gHp0
2023-07-09,2046,2004,https://boxd.it/29tu
2023-07-09,Solaris,2002,https://boxd.it/27qS
2023-07-09,Paths of Glory,1957,https://boxd.it/29b6
2023-07-11,Husbands,1970,https://boxd.it/zOY
2023-07-14,Vagabond,1985,https://boxd.it/T0u
2023-07-15,Under the Banner of Heaven,2022,https://boxd.it/zMlA
2023-07-15,Bram Stoker's Dracula,1992,https://boxd.it/223a
2023-07-16,Devi Aur Hero,2019,https://boxd.it/qoxY
2023-07-16,The Elephant God,1979,https://boxd.it/58Ag
2023-07-19,Vive L'Amour,1994,https://boxd.it/2wsa
2023-07-19,Days,2020,https://boxd.it/oEE8
2023-07-19,The Celebration,1998,https://boxd.it/2aCM
2023-07-21,Risky Business,1983,https://boxd.it/1YUE
2023-07-22,Uncle Boonmee Who Can Recall His Past Lives,2010,https://boxd.it/168Q
2023-07-22,Steve Jobs,2015,https://boxd.it/araG
2023-07-23,Surrender Dorothy,1998,https://boxd.it/4FHi
2023-07-23,Love Exposure,2008,https://boxd.it/1pDe
2023-07-23,Cold Fish,2010,https://boxd.it/2dxK
2023-07-24,The Last Picture Show,1971,https://boxd.it/1weg
2023-07-24,Raging Bull,1980,https://boxd.it/28yI
2023-07-24,The King of Comedy,1982,https://boxd.it/2aJS
2023-07-25,Waiting for the Light to Change,2022,https://boxd.it/CNkk
2023-07-27,PlayTime,1967,https://boxd.it/1WLK
2023-07-27,The Holy Mountain,1973,https://boxd.it/20mu
2023-07-27,FLCL,2000,https://boxd.it/bWtG
2023-07-27,Milk,2008,https://boxd.it/1WZC
2023-07-27,Beach Rats,2017,https://boxd.it/f5m6
2023-07-28,Pushpaka Vimana,1987,https://boxd.it/19M0
2023-07-28,The Hustler,1961,https://boxd.it/298G
2023-07-28,Anomalisa,2015,https://boxd.it/97TE
2023-07-29,Taste of Cherry,1997,https://boxd.it/1m8W
2023-07-30,Hey Ram,2000,https://boxd.it/fGg
2023-08-01,Wyrm,2019,https://boxd.it/nmta
2023-08-01,Scent of a Woman,1992,https://boxd.it/1YAu
2023-08-01,Rosemary's Baby,1968,https://boxd.it/29zM
2023-08-01,Treasure Planet,2002,https://boxd.it/1Znm
2023-08-02,Our Beloved Summer,2021,https://boxd.it/z6IW
2023-08-03,Pride & Prejudice,2005,https://boxd.it/24u8
2023-08-03,Thelma & Louise,1991,https://boxd.it/28Ew
2023-08-04,Half Nelson,2006,https://boxd.it/20Ng
2023-08-04,Women Talking,2022,https://boxd.it/tdq4
2023-08-05,Samskara,1970,https://boxd.it/aEXG
2023-08-05,Gaman,1978,https://boxd.it/9Q5a
2023-08-06,"Sometimes, I Think About Dying",2019,https://boxd.it/ldXc
2023-08-06,A Death in the Gunj,2016,https://boxd.it/enKe
2023-08-07,Landscape in the Mist,1988,https://boxd.it/JRy
2023-08-07,The Amazonian Angel,1992,https://boxd.it/i4OY
2023-08-09,Possession,1981,https://boxd.it/1BPm
2023-08-09,Linklater: On Cinema and Time,2013,https://boxd.it/hvSQ
2023-08-10,Made in Abyss,2017,https://boxd.it/pE50
2023-08-10,Leviathan,2014,https://boxd.it/7Ub8
2023-08-10,The Idiots,1998,https://boxd.it/2amu
2023-08-10,Ponyo,2008,https://boxd.it/1S0A
2023-08-10,True Romance,1993,https://boxd.it/2aBa
2023-08-10,Awaara,1951,https://boxd.it/14BQ
2023-08-10,Blue Velvet,1986,https://boxd.it/29BI
2023-08-11,District 9,2009,https://boxd.it/1Iik
2023-08-12,"tick, tick... BOOM!",2021,https://boxd.it/jz2e
2023-08-13,Kim Ji-young: Born 1982,2019,https://boxd.it/lyGw
2023-08-13,Suspiria,2018,https://boxd.it/cioI
2023-08-13,Blue Collar,1978,https://boxd.it/1Nhm
2023-08-13,Quills,2000,https://boxd.it/1Vay
2023-08-13,The Diary of a Teenage Girl,2015,https://boxd.it/7kru
2023-08-13,Scenes from a Marriage,1974,https://boxd.it/4kJC
2023-08-14,Freaked,1993,https://boxd.it/1I4i
2023-08-14,Silence,2016,https://boxd.it/2cAo
2023-08-14,Enter the Void,2009,https://boxd.it/1dy2
2023-08-14,Ex Machina,2015,https://boxd.it/7T2k
2023-08-14,The Hateful Eight,2015,https://boxd.it/8gw8
2023-08-16,World of Tomorrow Episode Two: The Burden of Other People's Thoughts,2017,https://boxd.it/gU8m
2023-08-16,Secrets & Lies,1996,https://boxd.it/1UuC
2023-08-16,Shoplifters,2018,https://boxd.it/ifY6
2023-08-16,Late Spring,1949,https://boxd.it/1DkK
2023-08-16,Early Summer,1951,https://boxd.it/E4G
2023-08-16,Roman Holiday,1953,https://boxd.it/29zW
2023-08-16,Fallen Leaves,2023,https://boxd.it/Bgew
2023-08-16,Farewell My Concubine,1993,https://boxd.it/1UTM
2023-08-16,Riding in Cars with Boys,2001,https://boxd.it/1UF6
2023-08-16,The Skeleton Twins,2014,https://boxd.it/7bCS
2023-08-17,House,1977,https://boxd.it/1vsm
2023-08-17,Through a Glass Darkly,1961,https://boxd.it/1TrW
2023-08-17,Bros,2022,https://boxd.it/mJZw
2023-08-18,Rebel Without a Cause,1955,https://boxd.it/2aQu
2023-08-19,The Last Black Man in San Francisco,2019,https://boxd.it/iWAw
2023-08-19,While We're Young,2014,https://boxd.it/7oOs
2023-08-19,Under the Skin,2013,https://boxd.it/3mDa
2023-08-19,First Cow,2019,https://boxd.it/krga
2023-08-20,A Place of Our Own,2022,https://boxd.it/CXEa
2023-08-21,Reservoir Dogs,1992,https://boxd.it/2agc
2023-08-21,A Moment of Innocence,1996,https://boxd.it/T6W
2023-08-21,The Hunt,2012,https://boxd.it/3wEC
2023-08-21,The Cyclist,1989,https://boxd.it/SS6
2023-08-24,Buffalo '66,1998,https://boxd.it/1YC6
2023-08-24,This Is Going to Hurt,2022,https://boxd.it/B0Gk
2023-08-24,CAKES. CANDLES. AND GUNS.,2023,https://boxd.it/FpRU
2023-08-25,Thaniyavarthanam,1987,https://boxd.it/9PQa
2023-08-26,The Wind Rises,2013,https://boxd.it/4JQS
2023-08-27,Over the Hedge,2006,https://boxd.it/20QY
2023-08-27,Quadrophenia,1979,https://boxd.it/1Wqs
2023-08-28,Mysterious Skin,2004,https://boxd.it/1UsG
2023-08-31,Unforgiven,1992,https://boxd.it/6Z4
2023-09-02,Jubilee,2023,https://boxd.it/G4ry
2023-09-02,0.5 mm,2014,https://boxd.it/8x6c
2023-09-02,Flic,2005,https://boxd.it/9POy
2023-09-02,All the Real Girls,2003,https://boxd.it/1QLa
2023-09-05,Yesterday,2019,https://boxd.it/iF7M
2023-09-05,Over the Garden Wall,2014,https://boxd.it/eqFw
2023-09-05,Berserk,1997,https://boxd.it/pzgM
2023-09-05,Bottoms,2023,https://boxd.it/uGf2
2023-09-05,Green Border,2023,https://boxd.it/GqGq
2023-09-05,Daaaaaalí!,2023,https://boxd.it/DzQe
2023-09-05,Evil Does Not Exist,2023,https://boxd.it/HJrc
2023-09-05,Super Deluxe,2019,https://boxd.it/fjRW
2023-09-06,Orange,2016,https://boxd.it/qdvM
2023-09-06,Initial D: Third Stage,2001,https://boxd.it/2OKc
2023-09-11,The Judge,2014,https://boxd.it/6aiU
2023-09-12,Brokeback Mountain,2005,https://boxd.it/2b2q
2023-09-23,Flipped,2010,https://boxd.it/Tb8
2023-09-24,Memoria,2021,https://boxd.it/iwtE
2023-10-02,Ed Wood,1994,https://boxd.it/2adM
2023-10-02,Lost Highway,1997,https://boxd.it/29Wc
2023-10-08,Nine Queens,2000,https://boxd.it/1HBA
2023-10-08,Best Kept Secret,2013,https://boxd.it/5t6G
2023-10-08,Céline and Julie Go Boating,1974,https://boxd.it/1sGA
2023-10-08,Clandestine Childhood,2012,https://boxd.it/4buI
2023-10-08,Of Love and Shadows,1994,https://boxd.it/3aR0
2023-10-08,Chinese Take-Away,2011,https://boxd.it/2eGy
2023-10-08,Broken Flowers,2005,https://boxd.it/2aCW
2023-10-08,The Last of the Mohicans,1992,https://boxd.it/1YSo
2023-10-08,Werckmeister Harmonies,2000,https://boxd.it/1zzw
2023-10-08,The Gleaners and I,2000,https://boxd.it/S6c
2023-10-08,Pigs,1984,https://boxd.it/f7Kk
2023-10-10,Aliens,1986,https://boxd.it/29PA
2023-10-11,Shahid,2012,https://boxd.it/4c5Y
2023-10-13,A Florida Melancholy,2018,https://boxd.it/v6Hm
2023-10-13,Lions in the Corner,2019,https://boxd.it/puWS
2023-10-17,Déjà Vu,2006,https://boxd.it/20PQ
2023-10-17,The Northman,2022,https://boxd.it/nK2s
2023-10-17,Mughal-e-Azam,1960,https://boxd.it/RKU
2023-10-19,Ruby Sparks,2012,https://boxd.it/3w9O
2023-10-21,Knight of Cups,2015,https://boxd.it/34Qq
2023-10-27,The Driver,1978,https://boxd.it/27jW
2023-10-27,Camille Claudel,1988,https://boxd.it/1Tbk
2023-10-29,Breakfast on Pluto,2005,https://boxd.it/28MU
2023-10-29,An American Werewolf in London,1981,https://boxd.it/29yk
2023-10-29,Lovesong,2016,https://boxd.it/cSSY
2023-10-31,The Postman,1994,https://boxd.it/1URG
2023-11-01,Fireworks Wednesday,2006,https://boxd.it/TEa
2023-11-02,Casino,1995,https://boxd.it/2ads
2023-11-03,Silver Linings Playbook,2012,https://boxd.it/2TTo
2023-11-04,Postman Blues,1997,https://boxd.it/1b3m
2023-11-04,Jersey Boys,2014,https://boxd.it/6geu
2023-11-07,Life Is Sweet,1990,https://boxd.it/19GQ
2023-11-07,Short Cuts,1993,https://boxd.it/29Nk
2023-11-07,Bad Timing,1980,https://boxd.it/1fUE
2023-11-07,Rebecca,1940,https://boxd.it/2aQa
2023-11-07,Mishima: A Life in Four Chapters,1985,https://boxd.it/1sBA
2023-11-07,Picnic at Hanging Rock,1975,https://boxd.it/1UQe
2023-11-07,Elvira Madigan,1967,https://boxd.it/WgA
2023-11-07,The Baby Carriage,1963,https://boxd.it/4mLK
2023-11-07,Raven's End,1963,https://boxd.it/Lig
2023-11-07,Eraserhead,1977,https://boxd.it/299u
2023-11-07,Wild Strawberries,1957,https://boxd.it/29ZU
2023-11-07,All That Jazz,1979,https://boxd.it/1JB8
2023-11-07,The Killing of a Chinese Bookie,1976,https://boxd.it/1hS6
2023-11-07,The Color of Pomegranates,1969,https://boxd.it/1u94
2023-11-07,Theorem,1968,https://boxd.it/237C
2023-11-07,Persona,1966,https://boxd.it/29B4
2023-11-07,Mr. Klein,1976,https://boxd.it/jgw
2023-11-07,Ritual,2000,https://boxd.it/14z6
2023-11-07,Terrorizers,1986,https://boxd.it/2IRG
2023-11-07,The Time to Live and the Time to Die,1985,https://boxd.it/Oc6
2023-11-07,Do the Right Thing,1989,https://boxd.it/29gA
2023-11-07,"Paris, Texas",1984,https://boxd.it/29Ts
2023-11-07,Diamonds of the Night,1964,https://boxd.it/3rCG
2023-11-07,There's Something About Mary,1998,https://boxd.it/2aae
2023-11-07,The Girl with the Dragon Tattoo,2011,https://boxd.it/2Pa
2023-11-07,It Follows,2014,https://boxd.it/87wo
2023-11-07,L'Avventura,1960,https://boxd.it/23hs
2023-11-07,The Passenger,1975,https://boxd.it/1Y8q
2023-11-07,La Notte,1961,https://boxd.it/10iU
2023-11-08,Woman in the Dunes,1964,https://boxd.it/1JNS
2023-11-08,The Disappearance of Haruhi Suzumiya,2010,https://boxd.it/19Ds
2023-11-08,Knockin' on Heaven's Door,1997,https://boxd.it/2aZQ
2023-11-08,Happy Old Year,2019,https://boxd.it/nglu
2023-11-08,The World of Us,2016,https://boxd.it/dpeC
2023-11-08,Throw Down,2004,https://boxd.it/1vme
2023-11-08,Inspector Koo,2021,https://boxd.it/yucS
2023-11-08,Way Back Home,2013,https://boxd.it/77ME
2023-11-08,Clue,1985,https://boxd.it/1MDQ
2023-11-09,Night and Fog,1956,https://boxd.it/29A6
2023-11-09,Moving,1993,https://boxd.it/3RcO
2023-11-09,Moving,2023,https://boxd.it/INMU
2023-11-10,20th Century Girl,2022,https://boxd.it/w9ea
2023-11-10,Lilya 4-ever,2002,https://boxd.it/1SyW
2023-11-10,Million Dollar Baby,2004,https://boxd.it/2bdI
2023-11-11,Too Old to Die Young,2019,https://boxd.it/mwtW
2023-11-12,Lemonade Mouth,2011,https://boxd.it/4bG
2023-11-14,The Souvenir: Part II,2021,https://boxd.it/gXTK
2023-11-14,On the Beach at Night Alone,2017,https://boxd.it/fqEK
2023-11-14,Brother,1997,https://boxd.it/1CA8
2023-11-18,Dating Amber,2020,https://boxd.it/nApw
2023-11-18,Matthias & Maxime,2019,https://boxd.it/iOQ2
2023-11-18,Nomadland,2020,https://boxd.it/lnRy
2023-11-18,Dreams,1990,https://boxd.it/1ROu
2023-11-18,The Florida Project,2017,https://boxd.it/dMG0
2023-11-18,Boy,2010,https://boxd.it/13RS
2023-11-18,Jojo Rabbit,2019,https://boxd.it/iEBG
2023-11-18,Summer of 85,2020,https://boxd.it/oxQ2
2023-11-18,Fargo,1996,https://boxd.it/2aHM
2023-11-18,The Death & Life of John F. Donovan,2018,https://boxd.it/99Iy
2023-11-18,Into the Wild,2007,https://boxd.it/22m2
2023-11-18,The Nice Guys,2016,https://boxd.it/94Hg
2023-11-18,The Killing of a Sacred Deer,2017,https://boxd.it/dZ5G
2023-11-18,Requiem for a Dream,2000,https://boxd.it/29VI
2023-11-18,The Place Beyond the Pines,2012,https://boxd.it/3mDu
2023-11-18,Demolition,2015,https://boxd.it/9GuY
2023-11-18,Laurence Anyways,2012,https://boxd.it/3HQu
2023-11-18,The Professor,2018,https://boxd.it/gLm0
2023-11-18,The Intouchables,2011,https://boxd.it/2FT0
2023-11-18,The Great Beauty,2013,https://boxd.it/5ty6
2023-11-18,The Dig,2021,https://boxd.it/jo2i
2023-11-18,Heathers,1989,https://boxd.it/26x4
2023-11-18,Third Star,2010,https://boxd.it/2y0i
2023-11-19,Happy Hour,2015,https://boxd.it/bXge
2023-11-19,The River That Never Ends,2022,https://boxd.it/Ds8O
2023-11-19,Cleaners,2019,https://boxd.it/n6HU
2023-11-19,Ad Astra,2019,https://boxd.it/ePzI
2023-11-19,Pain and Glory,2019,https://boxd.it/iOBQ
2023-11-19,Uncut Gems,2019,https://boxd.it/gXGc
2023-11-19,Waves,2019,https://boxd.it/jpmy
2023-11-19,Frances Ha,2012,https://boxd.it/41Xg
2023-11-20,Better Days,2019,https://boxd.it/l9Ke
2023-11-20,"Are You There God? It's Me, Margaret.",2023,https://boxd.it/kiYC
2023-11-20,Lawrence of Arabia,1962,https://boxd.it/2wRE
2023-11-21,Marcel the Shell with Shoes On,2021,https://boxd.it/wMAk
2023-11-21,Mahjong,1996,https://boxd.it/uku
2023-11-21,Red Desert,1964,https://boxd.it/1ttW
2023-11-21,The Asadas!,2020,https://boxd.it/lA2e
2023-11-21,A Touch of Zen,1970,https://boxd.it/SFm
2023-11-21,Short Term 12,2013,https://boxd.it/5f6s
2023-11-21,True Stories,1986,https://boxd.it/1wXU
2023-11-22,Down by Law,1986,https://boxd.it/28CA
2023-11-22,Night on Earth,1991,https://boxd.it/2ayq
2023-11-22,The Fan,1982,https://boxd.it/3zkA
2023-11-22,Akira,1988,https://boxd.it/2b1i
2023-11-23,The Goldfinch,2019,https://boxd.it/gX6I
2023-11-23,Still Walking,2008,https://boxd.it/1wvm
2023-11-23,tokyo.sora,2002,https://boxd.it/48ia
2023-11-23,Mystery Train,1989,https://boxd.it/1Ub6
2023-11-23,Blue,2002,https://boxd.it/3q1k
2023-11-23,Paterson,2016,https://boxd.it/cRk2
2023-11-23,Roma,2018,https://boxd.it/f69M
2023-11-23,The Favourite,2018,https://boxd.it/d2hI
2023-11-23,First Reformed,2017,https://boxd.it/go9C
2023-11-23,An Elephant Sitting Still,2018,https://boxd.it/i1EQ
2023-11-23,A Separation,2011,https://boxd.it/gvo
2023-11-23,Love Streams,1984,https://boxd.it/zOk
2023-11-23,Poor Things,2023,https://boxd.it/tNWU
2023-11-25,At Eternity's Gate,2018,https://boxd.it/hI40
2023-11-25,American Fiction,2023,https://boxd.it/DYHm
2023-11-25,Maestro,2023,https://boxd.it/j0DE
2023-11-25,May December,2023,https://boxd.it/vEE2
2023-11-25,The Zone of Interest,2023,https://boxd.it/gJsA
2023-11-25,Nocturnal Animals,2016,https://boxd.it/bkFu
2023-11-25,Tokyo Story,1953,https://boxd.it/1HuY
2023-11-25,The Taste of Things,2023,https://boxd.it/Arke
2023-11-27,Forget Me Not,2015,https://boxd.it/b0Uk
2023-11-27,Chain,2004,https://boxd.it/6fm8
2023-11-27,Unknown Pleasures,2002,https://boxd.it/2NeY
2023-11-27,Julien Donkey-Boy,1999,https://boxd.it/VNI
2023-11-27,Landscape Suicide,1986,https://boxd.it/46To
2023-11-27,Bullet Ballet,1998,https://boxd.it/1uMg
2023-11-27,Long Day's Journey Into Night,2018,https://boxd.it/hw1I
2023-11-27,Melancholia,2011,https://boxd.it/bPI
2023-11-27,"Je T'Aime, Je T'Aime",1968,https://boxd.it/23P0
2023-11-27,Lady Vengeance,2005,https://boxd.it/248G
2023-11-27,Midnight Cowboy,1969,https://boxd.it/25Hi
2023-11-27,A Hidden Life,2019,https://boxd.it/eb1Q
2023-11-27,Sans Soleil,1983,https://boxd.it/28B8
2023-11-27,Koyaanisqatsi,1982,https://boxd.it/1U9E
2023-11-27,The Souvenir,2019,https://boxd.it/gXU4
2023-11-27,The Spirit of the Beehive,1973,https://boxd.it/24eY
2023-11-27,El Sur,1983,https://boxd.it/JbM
2023-11-28,Diary of a Country Priest,1951,https://boxd.it/UDC
2023-11-28,Winter Light,1963,https://boxd.it/1nrU
2023-11-28,Pi,1998,https://boxd.it/2ajq
2023-11-28,The Battle of Algiers,1966,https://boxd.it/1IRY
2023-11-28,"Fireworks, Should We See It from the Side or the Bottom?",1993,https://boxd.it/3Gyk
2023-11-28,Submarine,2010,https://boxd.it/H4a
2023-11-28,"Oslo, August 31st",2011,https://boxd.it/2xQC
2023-11-28,The Fabelmans,2022,https://boxd.it/ugoM
2023-11-28,A Bride for Rip Van Winkle,2016,https://boxd.it/dj9c
2023-11-28,La Promesse,1996,https://boxd.it/1y8E
2023-11-28,Taipei Story,1985,https://boxd.it/3BkC
2023-11-28,Pierrot le Fou,1965,https://boxd.it/26j2
2023-11-28,Foreign Land,1995,https://boxd.it/lOg
2023-11-28,The Novelist's Film,2022,https://boxd.it/yZX6
2023-11-28,"Right Now, Wrong Then",2015,https://boxd.it/bWs4
2023-11-28,Pastoral: To Die in the Country,1974,https://boxd.it/3xEI
2023-11-28,Stranger Than Paradise,1984,https://boxd.it/2ajU
2023-11-28,Rebels of the Neon God,1992,https://boxd.it/mp2
2023-11-29,Detachment,2011,https://boxd.it/2BiY
2023-11-29,Class Enemy,2013,https://boxd.it/6CZi
2023-11-29,Barry Lyndon,1975,https://boxd.it/25A2
2023-11-29,The Lobster,2015,https://boxd.it/7tnw
2023-11-29,Awakenings,1990,https://boxd.it/1USu
2023-11-29,Cameraperson,2016,https://boxd.it/d5ve
2023-11-29,Ilo Ilo,2013,https://boxd.it/5HWQ
2023-11-29,Millennium Mambo,2001,https://boxd.it/1Tzw
2023-11-29,Suzhou River,2000,https://boxd.it/1Tsq
2023-11-29,Red Sorghum,1988,https://boxd.it/XYo
2023-12-02,Eileen,2023,https://boxd.it/oJcS
2023-12-02,Riceboy Sleeps,2022,https://boxd.it/C68A
2023-12-02,Beyond Utopia,2023,https://boxd.it/Eu34
2023-12-02,I Saw the Devil,2010,https://boxd.it/FaK
2023-12-02,Raw,2016,https://boxd.it/dLd2
2023-12-02,After Yang,2021,https://boxd.it/lx5a
2023-12-04,Nayakan,1987,https://boxd.it/1meA
2023-12-06,When You Finish Saving the World,2022,https://boxd.it/pOZW
2023-12-06,American Honey,2016,https://boxd.it/bk7C
2023-12-07,The Conversation,1974,https://boxd.it/2a38
2023-12-07,God's Own Country,2017,https://boxd.it/faZM
2023-12-07,The House Is Black,1963,https://boxd.it/STe
2023-12-07,"This Is Not a Burial, It's a Resurrection",2019,https://boxd.it/mRiA
2023-12-07,Zero Day,2002,https://boxd.it/1sz0
2023-12-08,Katatsumori,1994,https://boxd.it/53RG
2023-12-08,Opening Night,1977,https://boxd.it/1f4e
2023-12-08,Mud,2012,https://boxd.it/3wPA
2023-12-08,Nobody Knows,2004,https://boxd.it/26E0
2023-12-08,A Sun,2019,https://boxd.it/n3uo
2023-12-08,Little Fish,2020,https://boxd.it/lAFK
2023-12-08,My Own Private Idaho,1991,https://boxd.it/2ak4
2023-12-09,Mirrored Mind,2005,https://boxd.it/2MxK
2023-12-09,The Night of Counting the Years,1969,https://boxd.it/Mxm
2023-12-09,The Sacrifice,1986,https://boxd.it/1xg8
2023-12-09,Out 1,1971,https://boxd.it/3i2a
2023-12-09,Inland Empire,2006,https://boxd.it/28d6
2023-12-09,"Jeanne Dielman, 23, quai du Commerce, 1080 Bruxelles",1975,https://boxd.it/T18
2023-12-09,The Starling Girl,2023,https://boxd.it/BR0G
2023-12-11,The Misfits,1961,https://boxd.it/1TCg
2023-12-11,In the Realm of the Senses,1976,https://boxd.it/22qS
2023-12-11,That Thing Called Tadhana,2014,https://boxd.it/9C2m
2023-12-11,Deepwater Horizon,2016,https://boxd.it/9oiU
2023-12-11,Bleak Night,2010,https://boxd.it/2zHM
2023-12-11,Samsara,2023,https://boxd.it/EL1a
2023-12-11,Do Not Expect Too Much from the End of the World,2023,https://boxd.it/zkHI
2023-12-11,The Power of the Dog,2021,https://boxd.it/m99E
2023-12-11,Patrick Melrose,2018,https://boxd.it/j1Pc
2023-12-11,I Dream in Another Language,2017,https://boxd.it/bZ5M
2023-12-11,The Umbrellas of Cherbourg,1964,https://boxd.it/22fK
2023-12-12,Kisapmata,1981,https://boxd.it/6sRo
2023-12-12,Millennium Actress,2001,https://boxd.it/1fK0
2023-12-13,The Seventh Continent,1989,https://boxd.it/1gB4
2023-12-13,Interface,2021,https://boxd.it/11sCi
2023-12-13,Beauty and the Beast,1978,https://boxd.it/2tKA
2023-12-13,The Wicker Man,1973,https://boxd.it/1KnG
2023-12-13,Sambizanga,1972,https://boxd.it/35LQ
2023-12-13,Satantango,1994,https://boxd.it/1j9M
2023-12-13,Neon Genesis Evangelion: The End of Evangelion,1997,https://boxd.it/1GRM
2023-12-13,Godland,2022,https://boxd.it/Ag9E
2023-12-13,Enys Men,2022,https://boxd.it/rM0m
2023-12-13,Seconds,1966,https://boxd.it/1Dbe
2023-12-13,October (Ten Days that Shook the World),1928,https://boxd.it/29N0
2023-12-13,Duvidha,1973,https://boxd.it/3xma
2023-12-13,How to Blow Up a Pipeline,2022,https://boxd.it/C69e
2023-12-13,Black/White,2020,https://boxd.it/vHTa
2023-12-13,for Amose,2020,https://boxd.it/ueNA
2023-12-13,"Three or Four Things I Know About Vishnu, The Preserver",2021,https://boxd.it/uy5o
2023-12-13,Smiley Face,2007,https://boxd.it/1QG0
2023-12-13,Nashville,1975,https://boxd.it/25GE
2023-12-18,The Straight Story,1999,https://boxd.it/2ass
2023-12-18,The Changeling,1980,https://boxd.it/1PVy
2023-12-18,Samurai X: Trust & Betrayal,1999,https://boxd.it/zpak
2023-12-18,Don't Look Now,1973,https://boxd.it/29fC
2023-12-19,"Love, Antosha",2019,https://boxd.it/kIjK
2023-12-19,The Sweet Hereafter,1997,https://boxd.it/1WNm
2023-12-19,A River Called Titas,1973,https://boxd.it/3fUo
2023-12-19,The Metamorphosis of Birds,2020,https://boxd.it/oJsw
2023-12-19,Edvard Munch,1974,https://boxd.it/E3y
2023-12-19,Yellow Submarine,1968,https://boxd.it/1Sxa
2023-12-19,The Cloud-Capped Star,1960,https://boxd.it/ix2
2023-12-19,Badlands,1973,https://boxd.it/25Fm
2023-12-19,The Chess Players,1977,https://boxd.it/2Oko
2023-12-19,Distant Thunder,1973,https://boxd.it/3MIU
2023-12-19,Ajantrik,1958,https://boxd.it/5aLK
2023-12-20,Red Beard,1965,https://boxd.it/251m
2023-12-20,No No Sleep,2015,https://boxd.it/bk7i
2023-12-20,The Mourning Forest,2007,https://boxd.it/27DM
2023-12-20,Han Gong-ju,2013,https://boxd.it/6KZq
2023-12-20,"They Shoot Horses, Don't They?",1969,https://boxd.it/1q9u
2023-12-20,Dodes'ka-den,1970,https://boxd.it/1fVs
2023-12-20,Pebbles,2021,https://boxd.it/tgko
2023-12-20,One Hundred and One Nights,1995,https://boxd.it/3iuI
2023-12-20,When They See Us,2019,https://boxd.it/kbJU
2023-12-20,Incendies,2010,https://boxd.it/Msm
2023-12-20,Maid,2021,https://boxd.it/x3mk
2023-12-20,The End of the Tour,2015,https://boxd.it/7jIE
2023-12-20,Saint Maud,2019,https://boxd.it/l8QA
2023-12-20,Certain Women,2016,https://boxd.it/bk7W
2023-12-20,Evangelion: 3.0+1.0 Thrice Upon a Time,2021,https://boxd.it/8LnQ
2023-12-20,The House That Jack Built,2018,https://boxd.it/dWO4
2023-12-20,Hero,2002,https://boxd.it/2bcq
2023-12-21,Empire Records,1995,https://boxd.it/1PY8
2023-12-21,Booksmart,2019,https://boxd.it/igNS
2023-12-21,Easy A,2010,https://boxd.it/17DK
2023-12-21,Last Film Show,2021,https://boxd.it/uWQy
2023-12-21,Rashomon,1950,https://boxd.it/2a9K
2023-12-21,Infernal Affairs,2002,https://boxd.it/1Vqw
2023-12-21,Sansho the Bailiff,1954,https://boxd.it/1Dkq
2023-12-21,Throne of Blood,1957,https://boxd.it/251w
2023-12-21,The Face of Another,1966,https://boxd.it/1nso
2023-12-21,Tokyo Drifter,1966,https://boxd.it/OTY
2023-12-21,"I Was Born, But...",1932,https://boxd.it/1pS4
2023-12-21,Gate of Hell,1953,https://boxd.it/UHY
2023-12-21,The Only Son,1936,https://boxd.it/zX2
2023-12-21,Drunken Angel,1948,https://boxd.it/1uYQ
2023-12-21,Stray Dog,1949,https://boxd.it/1ltu
2023-12-21,Street of Shame,1956,https://boxd.it/UWO
2023-12-21,Pigs and Battleships,1961,https://boxd.it/1jQG
2023-12-21,"Spring, Summer, Fall, Winter... and Spring",2003,https://boxd.it/2b6W
2023-12-21,Poetry,2010,https://boxd.it/JAs
2023-12-21,Sunny,2011,https://boxd.it/2FoG
2023-12-21,The Recorder Exam,2011,https://boxd.it/kqQc
2023-12-21,Reply 1988,2015,https://boxd.it/uF9i
2023-12-21,Secret Sunshine,2007,https://boxd.it/27CY
2023-12-21,Devils on the Doorstep,2000,https://boxd.it/1v16
2023-12-21,'Til Madness Do Us Part,2013,https://boxd.it/6oFS
2023-12-21,Dead Souls,2018,https://boxd.it/iLNa
2023-12-21,City of Life and Death,2009,https://boxd.it/1C3I
2023-12-21,Kaili Blues,2015,https://boxd.it/cksW
2023-12-21,Behemoth,2015,https://boxd.it/bQqG
2023-12-21,A Touch of Sin,2013,https://boxd.it/5Fvo
2023-12-21,Three Sisters,2012,https://boxd.it/4c4c
2023-12-21,Pickpocket,1997,https://boxd.it/zPi
2023-12-21,Last Train Home,2009,https://boxd.it/Pcm
2023-12-21,The Blue Kite,1993,https://boxd.it/SE4
2023-12-21,Blue Gate Crossing,2002,https://boxd.it/RhS
2023-12-21,Raise the Red Lantern,1991,https://boxd.it/1WlC
2023-12-21,"Lust, Caution",2007,https://boxd.it/244k
2023-12-21,Missing Johnny,2017,https://boxd.it/gGZG
2023-12-21,You Are the Apple of My Eye,2011,https://boxd.it/2XuC
2023-12-21,Tropical Fish,1995,https://boxd.it/2Vgo
2023-12-21,Darkness and Light,1999,https://boxd.it/5q4W
2023-12-21,Island Etude,2006,https://boxd.it/42L6
2023-12-21,Winds of September,2008,https://boxd.it/2G2c
2023-12-21,"Su mi ma sen, Love",2009,https://boxd.it/1jna
2023-12-21,Blowfish,2011,https://boxd.it/3Fey
2023-12-21,Somewhere I Have Never Travelled,2009,https://boxd.it/3peC
2023-12-21,A City of Sadness,1989,https://boxd.it/EIm
2023-12-21,What Time Is It There?,2001,https://boxd.it/1ybe
2023-12-21,Eat Drink Man Woman,1994,https://boxd.it/1Wem
2023-12-21,"Crouching Tiger, Hidden Dragon",2000,https://boxd.it/2b1M
2023-12-21,Felicia's Journey,1999,https://boxd.it/K6o
2023-12-21,"That Day, on the Beach",1983,https://boxd.it/3Blg
2023-12-21,"Goodbye, Dragon Inn",2003,https://boxd.it/oFG
2023-12-21,The Hole,1998,https://boxd.it/LDo
2023-12-21,Dust in the Wind,1986,https://boxd.it/OcA
2023-12-21,A Summer at Grandpa's,1984,https://boxd.it/3fGQ
2023-12-21,The River,1997,https://boxd.it/uEk
2023-12-21,I Don't Want to Sleep Alone,2006,https://boxd.it/1St8
2023-12-21,"Goodbye South, Goodbye",1996,https://boxd.it/38zI
2023-12-21,Bo Burnham: Inside,2021,https://boxd.it/v2uy
2023-12-21,The White Ribbon,2009,https://boxd.it/17eU
2023-12-21,Dogville,2003,https://boxd.it/2a8W
2023-12-21,"Anne at 13,000 Ft.",2019,https://boxd.it/mUzE
2023-12-21,Sunset,2018,https://boxd.it/dZ5w
2023-12-21,Wings of Desire,1987,https://boxd.it/2b26
2023-12-21,Three Times,2005,https://boxd.it/1Tzm
2023-12-21,Hotel by the River,2018,https://boxd.it/juVI
2023-12-21,A Taxi Driver,2017,https://boxd.it/fwac
2023-12-21,"I'm a Cyborg, But That's OK",2006,https://boxd.it/2328
2023-12-21,Kamome Diner,2006,https://boxd.it/1vnm
2023-12-21,"So Long, My Son",2019,https://boxd.it/hNzi
2023-12-22,The Seventh Seal,1957,https://boxd.it/2ahO
2023-12-22,The Khayal Saga,1989,https://boxd.it/bFce
2023-12-23,Speed Racer,2008,https://boxd.it/20UQ
2023-12-23,Rye Lane,2023,https://boxd.it/DIyy
2023-12-23,I'm Thinking of Ending Things,2020,https://boxd.it/i4IQ
2023-12-23,Liz and the Blue Bird,2018,https://boxd.it/hksW
2023-12-23,Underground,1995,https://boxd.it/1SOA
2023-12-23,The Last Movie,1971,https://boxd.it/FFe
2023-12-23,Deep Cover,1992,https://boxd.it/1D5g
2023-12-23,Investigation of a Citizen Above Suspicion,1970,https://boxd.it/1tRY
2023-12-23,The Tribe,2014,https://boxd.it/8aqe
2023-12-23,No,2012,https://boxd.it/3Ie2
2023-12-23,Walking the Streets of Moscow,1964,https://boxd.it/1qNu
2023-12-23,American Movie,1999,https://boxd.it/1Oty
2023-12-23,Spotlight,2015,https://boxd.it/a84k
2023-12-23,The Dante Quartet,1987,https://boxd.it/48S8
2023-12-23,Paju,2009,https://boxd.it/1aNy
2023-12-23,Orgosolo’s Shepherds,1958,https://boxd.it/4FGa
2023-12-23,Chess of the Wind,1976,https://boxd.it/5QRK
2023-12-23,Gyeongju,2014,https://boxd.it/8eOu
2023-12-23,Blossom Again,2005,https://boxd.it/3VvA
2023-12-23,Spider Forest,2004,https://boxd.it/1Bni
2023-12-23,Resurrection of the Little Match Girl,2002,https://boxd.it/PcQ
2023-12-23,The People in White,1995,https://boxd.it/7Ceo
2023-12-23,Sacrificed Youth,1985,https://boxd.it/65gE
2023-12-23,Sing a Song of Sex,1967,https://boxd.it/2Fny
2023-12-23,Yearning,1964,https://boxd.it/3JYg
2023-12-23,Anatomy of a Murder,1959,https://boxd.it/2baa
2023-12-23,The Salt of the Earth,2014,https://boxd.it/7Uyc
2023-12-23,Alice in the Cities,1974,https://boxd.it/27cG
2023-12-23,The American Friend,1977,https://boxd.it/1UkC
2023-12-23,Kings of the Road,1976,https://boxd.it/1Vhk
2023-12-23,Harry Dean Stanton: Partly Fiction,2012,https://boxd.it/4fVo
2023-12-23,Autoluminescent: Rowland S. Howard,2011,https://boxd.it/32Ti
2023-12-23,Notebook on Cities and Clothes,1989,https://boxd.it/2FXm
2023-12-23,From the Clouds to the Resistance,1979,https://boxd.it/35JU
2023-12-23,Death by Hanging,1968,https://boxd.it/3nPm
2023-12-23,"No, or the Vain Glory of Command",1990,https://boxd.it/3wcy
2023-12-23,You Ain't Seen Nothin' Yet,2012,https://boxd.it/3wPK
2023-12-23,Scott Pilgrim Takes Off,2023,https://boxd.it/JLZk
2023-12-23,Eternity and a Day,1998,https://boxd.it/1wSq
2023-12-23,"La Commune (Paris, 1871)",2000,https://boxd.it/9rO
2023-12-23,Demons,1971,https://boxd.it/3yiy
2023-12-23,Portrait of a Young Girl at the End of the 60s in Brussels,1994,https://boxd.it/462a
2023-12-23,The Mother and the Whore,1973,https://boxd.it/HQe
2023-12-23,In the Heat of the Sun,1994,https://boxd.it/523q
2023-12-23,The Murder of Fred Hampton,1971,https://boxd.it/vnE
2023-12-23,Ulysses' Gaze,1995,https://boxd.it/1ApC
2023-12-23,Abraham's Valley,1993,https://boxd.it/3DBA
2023-12-23,The Suspended Step of the Stork,1991,https://boxd.it/KKe
2023-12-23,A Fugitive from the Past,1965,https://boxd.it/3TFy
2023-12-23,Garden of War,1968,https://boxd.it/7bvC
2023-12-23,L'Amour fou,1969,https://boxd.it/8Vy
2023-12-23,Rendezvous,1976,https://boxd.it/28RA
2023-12-23,"Good Men, Good Women",1995,https://boxd.it/3pTU
2023-12-23,Coffee Prince,2007,https://boxd.it/uSIg
2023-12-23,Blonde Venus,1932,https://boxd.it/1dPs
2023-12-23,Pleasures of the Flesh,1965,https://boxd.it/2psW
2023-12-23,Port of Memory,2010,https://boxd.it/6FYs
2023-12-23,The Weeping Meadow,2004,https://boxd.it/177k
2023-12-23,News from Home,1976,https://boxd.it/34TO
2023-12-23,The Long Day Closes,1992,https://boxd.it/EMy
2023-12-23,Through the Olive Trees,1994,https://boxd.it/Lx6
2023-12-23,"Life, and Nothing More…",1992,https://boxd.it/2WEc
2023-12-23,Il Posto,1961,https://boxd.it/1iqC
2023-12-23,Peppermint Candy,1999,https://boxd.it/ZQc
2023-12-23,Deep Blue Night,1985,https://boxd.it/522C
2023-12-23,The Seasons,1975,https://boxd.it/S9K
2023-12-23,The Butterfly,2001,https://boxd.it/5EeQ
2023-12-23,Late Autumn,2010,https://boxd.it/3cxm
2023-12-23,The Extras,1993,https://boxd.it/aU1S
2023-12-23,The Verdict,1982,https://boxd.it/1y3Y
2023-12-23,My Brother's Wedding,1983,https://boxd.it/3dBE
2023-12-23,Idol,2019,https://boxd.it/l0Y2
2023-12-23,L’homme atlantique,1981,https://boxd.it/ci0Q
2023-12-23,July Rhapsody,2002,https://boxd.it/BiK
2023-12-23,Love in the Time of Twilight,1995,https://boxd.it/5RGI
2023-12-23,Ad-lib Night,2006,https://boxd.it/3IVK
2023-12-23,Deep Red,1975,https://boxd.it/1E1E
2023-12-23,Happy End,1999,https://boxd.it/1sq8
2023-12-23,The Last Witness,2001,https://boxd.it/4Ibu
2023-12-23,The Last Witness,1980,https://boxd.it/6CEY
2023-12-23,A Bittersweet Life,2005,https://boxd.it/1U4Y
2023-12-23,White Badge,1992,https://boxd.it/620e
2023-12-23,Moonlit Winter,2019,https://boxd.it/lfnK
2023-12-23,Where Are We Headed?,2021,https://boxd.it/xEYA
2023-12-23,My Eye Is Reflecting,1992,https://boxd.it/sFvY
2023-12-23,Moving On,2019,https://boxd.it/nBAg
2023-12-23,Burning Snow,1988,https://boxd.it/5TNc
2023-12-23,Final Victory,1987,https://boxd.it/QUE
2023-12-23,Children...,2011,https://boxd.it/2pmu
2023-12-23,Homecoming,1984,https://boxd.it/5pjw
2023-12-23,Die Bad,2000,https://boxd.it/3Vn2
2023-12-23,Voice of Silence,2020,https://boxd.it/moFK
2023-12-23,The Eccentrics,1974,https://boxd.it/cT6c
2023-12-23,Voices Through Time,1996,https://boxd.it/64Lc
2023-12-23,Fireworks,1997,https://boxd.it/22mQ
2023-12-23,Kotoko,2011,https://boxd.it/3030
2023-12-25,Su-ki-da,2005,https://boxd.it/irI
2023-12-25,The Anthem of the Heart,2015,https://boxd.it/cBiO
2023-12-25,The River,1951,https://boxd.it/Q3K
2023-12-25,"Kyoto, My Mother's Place",1991,https://boxd.it/57Ew
2023-12-26,The Blues Brothers,1980,https://boxd.it/2adi
2023-12-26,BPM (Beats per Minute),2017,https://boxd.it/g796
2023-12-26,Zone,1995,https://boxd.it/85Bw
2023-12-26,The Sounds of Science,2001,https://boxd.it/9gqm
2023-12-26,Bad Fever,2011,https://boxd.it/2V3E
2023-12-26,Funeral Parade of Roses,1969,https://boxd.it/28Cg
2023-12-26,The Red Shoes,1948,https://boxd.it/1EXI
2023-12-26,Spacy,1981,https://boxd.it/7g5a
2023-12-26,Mononoke,2007,https://boxd.it/meNa
2023-12-27,Long Weekend,2021,https://boxd.it/nxA2
2023-12-27,Before I Fall,2017,https://boxd.it/dW0I
2023-12-27,The Woman Who Ran,2020,https://boxd.it/oEEi
2023-12-27,Inherent Vice,2014,https://boxd.it/5hla
2023-12-27,Last and First Men,2020,https://boxd.it/kKi0
2023-12-27,Los Angeles Plays Itself,2003,https://boxd.it/15xq
2023-12-27,Classic Albums: Steely Dan - Aja,1999,https://boxd.it/BR6
2023-12-27,War and Peace,1968,https://boxd.it/1nRy
2023-12-27,Shoah,1985,https://boxd.it/XSK
2023-12-27,The Wind Will Carry Us,1999,https://boxd.it/Uwc
2023-12-27,The Duke of Burgundy,2014,https://boxd.it/7kwu
2023-12-27,You've Got Mail,1998,https://boxd.it/1Yye
2023-12-27,Weekend,2011,https://boxd.it/2Kzu
2023-12-27,24 Frames,2017,https://boxd.it/d6YG
2023-12-27,Streetwise,1984,https://boxd.it/XKw
2023-12-27,The Man Who Planted Trees,1987,https://boxd.it/FKS
2023-12-27,Alone in the Wilderness,2004,https://boxd.it/1O2C
2023-12-27,Pretend That You Love Me,2020,https://boxd.it/qJ9S
2023-12-27,Tea and Sympathy,1956,https://boxd.it/9Hi
2023-12-27,Supermarket Woman,1996,https://boxd.it/2Qgo
2023-12-27,Casting Blossoms to the Sky,2012,https://boxd.it/4aPq
2023-12-27,The Island Closest to Heaven,1984,https://boxd.it/9ujY
2023-12-27,Hanagatami,2017,https://boxd.it/hnUO
2023-12-27,Labyrinth of Cinema,2019,https://boxd.it/mNzW
2023-12-27,Seven Weeks,2014,https://boxd.it/apMe
2023-12-27,The Girl Who Leapt Through Time,1983,https://boxd.it/bpK
2023-12-27,"Bound for the Fields, the Mountains, and the Seacoast",1986,https://boxd.it/56WE
2023-12-27,Sada,1998,https://boxd.it/42aE
2023-12-27,Beijing Watermelon,1989,https://boxd.it/an0C
2023-12-28,The Big Sky,1952,https://boxd.it/UF4
2023-12-28,A Time to Love and a Time to Die,1958,https://boxd.it/2Xs2
2023-12-28,L'Argent,1983,https://boxd.it/XIg
2023-12-28,Hot Fuzz,2007,https://boxd.it/2416
2023-12-28,The Falls,1980,https://boxd.it/1fFk
2023-12-28,Irreversible,2002,https://boxd.it/29as
2023-12-28,Force Majeure,2014,https://boxd.it/7UcA
2023-12-28,Symbol,2009,https://boxd.it/WVI
2023-12-28,Visitor Q,2001,https://boxd.it/24DE
2023-12-28,Hard to Be a God,2013,https://boxd.it/3Ido
2023-12-28,71 Fragments of a Chronology of Chance,1994,https://boxd.it/1gAU
2023-12-28,Vortex,2021,https://boxd.it/uoni
2023-12-29,Sharp Objects,2018,https://boxd.it/j3NM
2023-12-29,Speak,2004,https://boxd.it/1MTO
2023-12-29,The Golden Thread,1965,https://boxd.it/33HM
2023-12-29,Monos,2019,https://boxd.it/eJGe
2023-12-29,Séraphine,2008,https://boxd.it/1O9o
2023-12-29,Blade Runner,1982,https://boxd.it/2bcA
2023-12-29,Stellar,1993,https://boxd.it/48Ra
2023-12-29,Life,1994,https://boxd.it/61pC
2023-12-29,Limite,1931,https://boxd.it/20iW
2023-12-29,Artemide’s Knee,2008,https://boxd.it/7x3g
2023-12-29,The Hourglass Sanatorium,1973,https://boxd.it/OUW
2023-12-29,Yuni,2021,https://boxd.it/tXkw
2023-12-29,Marlina the Murderer in Four Acts,2017,https://boxd.it/gazQ
2023-12-29,27 Steps of May,2018,https://boxd.it/k8bq
2023-12-29,Report to Mother,1986,https://boxd.it/7DQe
2023-12-29,Interview,1971,https://boxd.it/8NRS
2023-12-29,Calcutta 71,1972,https://boxd.it/7LnO
2023-12-29,Evolution of a Filipino Family,2004,https://boxd.it/56ei
2023-12-29,At the First Breath of Wind,2002,https://boxd.it/6x2U
2023-12-29,Horse Money,2014,https://boxd.it/8QX0
2023-12-29,Vitalina Varela,2019,https://boxd.it/gMWo
2023-12-29,In Vanda's Room,2000,https://boxd.it/36r8
2023-12-29,Colossal Youth,2006,https://boxd.it/2T62
2023-12-29,Ossos,1997,https://boxd.it/rdg
2023-12-30,Harold and Maude,1971,https://boxd.it/2axM
2023-12-30,Voices in the Wind,2020,https://boxd.it/nxZw
2023-12-30,Emotion,1966,https://boxd.it/466m
2023-12-30,Homeland: Iraq Year Zero,2015,https://boxd.it/byFy
2023-12-30,A Wife Confesses,1961,https://boxd.it/3JYq
2023-12-30,Memories of Matsuko,2006,https://boxd.it/1iVU
2023-12-30,A Man Vanishes,1967,https://boxd.it/322S
2023-12-30,Floating Weeds,1959,https://boxd.it/LZu
2023-12-30,Happy Together,1997,https://boxd.it/1Ha0
2023-12-30,My Secret Cache,1997,https://boxd.it/44QM
2023-12-30,Kisses,1957,https://boxd.it/3oEO
2023-12-30,From Up on Poppy Hill,2011,https://boxd.it/2VCa
2023-12-30,The Blue Sky Maiden,1957,https://boxd.it/5IoK
2023-12-30,Hana & Alice,2004,https://boxd.it/1qXa
2023-12-30,And So We Put Goldfish in the Pool.,2017,https://boxd.it/ge6o
2023-12-30,August in the Water,1995,https://boxd.it/3xQE
2023-12-30,Labyrinth of Dreams,1997,https://boxd.it/2EuS
2023-12-30,Tu Hai Mera Sunday,2017,https://boxd.it/eAPG
2023-12-31,Le Samouraï,1967,https://boxd.it/22ZI
2023-12-31,Collateral,2004,https://boxd.it/28F0
2023-12-31,The Killer,2023,https://boxd.it/u6WE
2023-12-31,Mogul Mowgli,2020,https://boxd.it/oMpq
2023-12-31,Dream Scenario,2023,https://boxd.it/v2h0
2023-12-31,I Am Easy to Find,2019,https://boxd.it/lzSy
2023-12-31,Before My Eyes,1989,https://boxd.it/crp6
2023-12-31,Boy & the World,2013,https://boxd.it/6CM4
2023-12-31,The Tale of The Princess Kaguya,2013,https://boxd.it/4JQI
2023-12-31,Godzilla Minus One,2023,https://boxd.it/zu4c
2023-12-31,Passages,2023,https://boxd.it/xX9c
2023-12-31,Paranoia Agent,2004,https://boxd.it/lPy0
2023-12-31,Who's Afraid of Virginia Woolf?,1966,https://boxd.it/2atK
2023-12-31,Father Goose,1964,https://boxd.it/1lDE
2023-12-31,Call Me Chihiro,2023,https://boxd.it/CKrM
2024-01-01,Cemetery of Splendor,2015,https://boxd.it/9tIo
2024-01-01,Fire of Love,2022,https://boxd.it/yoPY
2024-01-02,Rear Window,1954,https://boxd.it/2a6Q
2024-01-02,Showing Up,2022,https://boxd.it/tJ1q
2024-01-02,Tokyo Godfathers,2003,https://boxd.it/1Qg2
2024-01-02,Flee,2021,https://boxd.it/ponM
2024-01-02,The Wolf House,2018,https://boxd.it/i1vE
2024-01-02,Linda Linda Linda,2005,https://boxd.it/1s1C
2024-01-02,Take Care of My Cat,2001,https://boxd.it/18CI
2024-01-02,Tony Takitani,2004,https://boxd.it/1nR4
2024-01-02,As Tears Go By,1988,https://boxd.it/1ybI
2024-01-02,Capturing Dad,2012,https://boxd.it/594q
2024-01-02,The Tokyo Night Sky Is Always the Densest Shade of Blue,2017,https://boxd.it/fzny
2024-01-02,By the Time It Gets Dark,2016,https://boxd.it/en0g
2024-01-02,The Hand,2020,https://boxd.it/vWp0
2024-01-02,NEKO-MIMI,1993,https://boxd.it/k43s
2024-01-02,An Autumn's Tale,1987,https://boxd.it/5uE
2024-01-02,Growing Up,1983,https://boxd.it/5q4i
2024-01-02,Man With No Name,2010,https://boxd.it/7m3u
2024-01-02,A Quiet Dream,2016,https://boxd.it/eHNi
2024-01-02,First Love: The Litter on the Breeze,1997,https://boxd.it/6qOi
2024-01-02,Children Who Draw,1956,https://boxd.it/5I1c
2024-01-02,Café Noir,2009,https://boxd.it/32RQ
2024-01-02,The Shiinomi School,1955,https://boxd.it/7NGo
2024-01-02,Haruhara-san's Recorder,2021,https://boxd.it/wb92
2024-01-02,Nivhek,2019,https://boxd.it/wfrO
2024-01-02,"The Green, Green Grass of Home",1982,https://boxd.it/3xzo
2024-01-02,Distant,2013,https://boxd.it/6qb6
2024-01-02,Hong Kong Trilogy: Preschooled Preoccupied Preposterous,2015,https://boxd.it/c4jO
2024-01-02,Mon Oncle,1958,https://boxd.it/2apy
2024-01-02,F for Fake,1973,https://boxd.it/VxA
2024-01-02,Upstream Color,2013,https://boxd.it/4Cwc
2024-01-02,The Kings of Summer,2013,https://boxd.it/4V3e
2024-01-02,Pieta,2012,https://boxd.it/446k
2024-01-02,Frantz,2016,https://boxd.it/d6Ym
2024-01-02,On Body and Soul,2017,https://boxd.it/fu7A
2024-01-02,The Past,2013,https://boxd.it/4Ovg
2024-01-02,Revanche,2008,https://boxd.it/1MdS
2024-01-02,Sunday in Peking,1956,https://boxd.it/5CKU
2024-01-02,The Best of Youth,2003,https://boxd.it/1Tje
2024-01-02,Labour of Love,2014,https://boxd.it/9bf4
2024-01-02,Jonaki,2018,https://boxd.it/i1la
2024-01-02,Once Upon a Time in Calcutta,2021,https://boxd.it/qYA0
2024-01-02,Taxi,2015,https://boxd.it/amS4
2024-01-02,This Is Not a Film,2011,https://boxd.it/2W4o
2024-01-02,Boys State,2020,https://boxd.it/oiNW
2024-01-02,Citizenfour,2014,https://boxd.it/9eSe
2024-01-02,La Dolce Vita,1960,https://boxd.it/2anC
2024-01-02,Cléo from 5 to 7,1962,https://boxd.it/2agm
2024-01-02,Au Hasard Balthazar,1966,https://boxd.it/1E3g
2024-01-02,Ida,2013,https://boxd.it/6fRg
2024-01-02,A Short Story,2022,https://boxd.it/zDD6
2024-01-02,A Grin Without a Cat,1977,https://boxd.it/x8c
2024-01-02,The Beaches of Agnès,2008,https://boxd.it/14Y6
2024-01-02,Tokyo Sonata,2008,https://boxd.it/1ZxQ
2024-01-02,"Gambling, Gods and LSD",2002,https://boxd.it/3due
2024-01-02,Ha Ha Ha,2010,https://boxd.it/gQm
2024-01-02,Army of Shadows,1969,https://boxd.it/1Mli
2024-01-02,At Berkeley,2013,https://boxd.it/6iDw
2024-01-02,The Day After,2017,https://boxd.it/g7aI
2024-01-02,Between the Lines,1977,https://boxd.it/5oPm
2024-01-02,Loveless,2017,https://boxd.it/fcFa
2024-01-02,Elena,2011,https://boxd.it/2I9u
2024-01-02,Still Life,1974,https://boxd.it/6mO4
2024-01-02,Original Cast Album: Company,1970,https://boxd.it/3rPU
2024-01-02,A Short Film About Love,1988,https://boxd.it/1jXC
2024-01-02,Days of Heaven,1978,https://boxd.it/1JRg
2024-01-02,Petite Maman,2021,https://boxd.it/s6je
2024-01-03,The Road Within,2014,https://boxd.it/6JtS
2024-01-03,Divine Intervention,2002,https://boxd.it/1r4g
2024-01-03,Paradise Now,2005,https://boxd.it/2bec
2024-01-03,The Empire Strikes Back,1980,https://boxd.it/27Vw
2024-01-03,Star Wars,1977,https://boxd.it/72s
2024-01-03,Baseball,1994,https://boxd.it/49uc
2024-01-03,The Odyssey,2016,https://boxd.it/dNrA
2024-01-03,Big Little Lies,2017,https://boxd.it/fYde
2024-01-03,Rocco and His Brothers,1960,https://boxd.it/20bG
2024-01-03,1984,2023,https://boxd.it/FUb6
2024-01-03,Good Time,2017,https://boxd.it/fcFu
2024-01-03,Code Unknown,2000,https://boxd.it/1kaw
2024-01-03,The Housemaid,1960,https://boxd.it/WJs
2024-01-03,Bird,2024,https://boxd.it/GGhm
2024-01-03,Death of a Unicorn,2025,https://boxd.it/HCPm
2024-01-03,His Three Daughters,2023,https://boxd.it/HGx2
2024-01-03,Problemista,2023,https://boxd.it/waGO
2024-01-03,When Marnie Was There,2014,https://boxd.it/78pm
2024-01-03,Only Yesterday,1991,https://boxd.it/1MR4
2024-01-05,The Vanishing,1988,https://boxd.it/1ZTW
2024-01-05,La Roue,1923,https://boxd.it/EeG
2024-01-05,Titane,2021,https://boxd.it/nlQC
2024-01-05,Godzilla,1954,https://boxd.it/28kc
2024-01-05,The Heiress,1949,https://boxd.it/1pi6
2024-01-05,Histoire(s) du cinéma,1989,https://boxd.it/Mvuc
2024-01-05,A Little Romance,1979,https://boxd.it/1CSc
2024-01-05,Dog Day Afternoon,1975,https://boxd.it/29bg
2024-01-05,Local Hero,1983,https://boxd.it/1Uiw
2024-01-05,Sightseers,2012,https://boxd.it/3V4Y
2024-01-05,The Remains of the Day,1993,https://boxd.it/291A
2024-01-05,What About Bob?,1991,https://boxd.it/1WEk
2024-01-05,The Hours,2002,https://boxd.it/2a3s
2024-01-05,The Hours of My Life,2014,https://boxd.it/uCxc
2024-01-05,Amour,2012,https://boxd.it/34Q6
2024-01-05,Licorice Pizza,2021,https://boxd.it/qTKY
2024-01-05,Safe,1995,https://boxd.it/1gKU
2024-01-05,Dirty Dancing,1987,https://boxd.it/2baY
2024-01-05,McCabe & Mrs. Miller,1971,https://boxd.it/1ooC
2024-01-05,3 Women,1977,https://boxd.it/YPs
2024-01-05,The Best Years of Our Lives,1946,https://boxd.it/29my
2024-01-05,A Hard Day's Night,1964,https://boxd.it/29LS
2024-01-05,Watership Down,1978,https://boxd.it/1SYg
2024-01-05,45 Years,2015,https://boxd.it/9ZPG
2024-01-05,Black Narcissus,1947,https://boxd.it/1Kce
2024-01-05,Take Out,2004,https://boxd.it/17DA
2024-01-05,The Party and the Guests,1966,https://boxd.it/3zve
2024-01-05,Pixote,1980,https://boxd.it/XCs
2024-01-05,Blow Out,1981,https://boxd.it/1TlE
2024-01-05,Powaqqatsi,1988,https://boxd.it/1xPs
2024-01-05,Obit,2016,https://boxd.it/dEtW
2024-01-05,Nimic,2019,https://boxd.it/n10Q
2024-01-05,Miller's Crossing,1990,https://boxd.it/2avG
2024-01-06,The Match Factory Girl,1990,https://boxd.it/20Je
2024-01-06,In This Corner of the World,2016,https://boxd.it/d9kY
2024-01-06,Broadcast News,1987,https://boxd.it/1RxS
2024-01-06,Mysterious Object at Noon,2000,https://boxd.it/3gqu
2024-01-06,Modest Heroes,2018,https://boxd.it/iDYa
2024-01-06,Ali: Fear Eats the Soul,1974,https://boxd.it/2aRi
2024-01-06,Oriental Elegy,1996,https://boxd.it/3O8k
2024-01-06,Crash,1996,https://boxd.it/29n2
2024-01-07,The Kid with a Bike,2011,https://boxd.it/5Xc
2024-01-07,Elippathayam,1982,https://boxd.it/37x2
2024-01-07,About Dry Grasses,2023,https://boxd.it/oNbO
2024-01-07,The Passion of Joan of Arc,1928,https://boxd.it/29DO
2024-01-07,Society of the Snow,2023,https://boxd.it/y9aw
2024-01-07,Last Days in a Lonely Place,2007,https://boxd.it/7G48
2024-01-07,DECK,2018,https://boxd.it/kWa8
2024-01-07,The Mirror,1997,https://boxd.it/10Iy
2024-01-07,No Bears,2022,https://boxd.it/ANxk
2024-01-07,Honey,2010,https://boxd.it/SEo
2024-01-07,Twin Peaks: Fire Walk with Me,1992,https://boxd.it/27Qw
2024-01-07,Chan Is Missing,1982,https://boxd.it/1OpG
2024-01-07,Don't Go Too Far,2018,https://boxd.it/k0Bg
2024-01-07,Keep Cool,1997,https://boxd.it/17dW
2024-01-07,Away with Words,1999,https://boxd.it/1xJ0
2024-01-07,Actually Happened! Most Terrifying Psychic Phenomena. Psychic Research Team Report. Relived.,2004,https://boxd.it/eYRm
2024-01-07,The Inseminator,2014,https://boxd.it/atNA
2024-01-07,The Truth Shall Not Sink with Sewol,2014,https://boxd.it/9slI
2024-01-07,The Spring River Flows East,1947,https://boxd.it/4uGe
2024-01-07,Into a Dream,2005,https://boxd.it/22s
2024-01-07,Suicidal Variations,2007,https://boxd.it/aRXE
2024-01-07,Thursday,1961,https://boxd.it/ebaS
2024-01-07,The Chaser,2008,https://boxd.it/1PgU
2024-01-08,After the Rain,1999,https://boxd.it/1Ms4
2024-01-08,Here and There,1957,https://boxd.it/dMqc
2024-01-08,"Night Is Short, Walk On Girl",2017,https://boxd.it/ffwA
2024-01-08,Ride Your Wave,2019,https://boxd.it/jhcg
2024-01-08,Ugetsu,1953,https://boxd.it/1NyM
2024-01-08,The Battle of Chile: Part I,1975,https://boxd.it/4i8O
2024-01-08,The Story of the Last Chrysanthemum,1939,https://boxd.it/O1i
2024-01-08,The Assassination of Jesse James by the Coward Robert Ford,2007,https://boxd.it/24dG
2024-01-08,Shame,1968,https://boxd.it/1tZo
2024-01-08,The Case of Hana & Alice,2015,https://boxd.it/9ZoU
2024-01-08,Seisaku's Wife,1965,https://boxd.it/3R3W
2024-01-09,Voices of a Distant Star,2002,https://boxd.it/17dM
2024-01-10,Somewhere,2010,https://boxd.it/14du
2024-01-10,Youth (Spring),2023,https://boxd.it/hMzc
2024-01-10,Drifting Clouds,1996,https://boxd.it/20tU
2024-01-10,La Vie de Bohème,1992,https://boxd.it/1pZa
2024-01-10,The Man Without a Past,2002,https://boxd.it/212g
2024-01-10,Ariel,1988,https://boxd.it/73K
2024-01-10,Faces Places,2017,https://boxd.it/g7ck
2024-01-10,Swing Kids,2018,https://boxd.it/khz2
2024-01-10,SAYOUNARA,2018,https://boxd.it/ptjq
2024-01-10,I Told Sunset About You,2020,https://boxd.it/t8dE
2024-01-10,"Mary Is Happy, Mary Is Happy.",2013,https://boxd.it/7kDq
2024-01-10,The Silence,1998,https://boxd.it/T7g
2024-01-10,Harmful Insect,2001,https://boxd.it/3a3O
2024-01-10,Love & Pop,1998,https://boxd.it/2sv0
2024-01-10,Farha,2021,https://boxd.it/wl00
2024-01-10,May 14th,2018,https://boxd.it/qKT8
2024-01-10,Chongqing Blues,2010,https://boxd.it/6US
2024-01-10,There Is No Lid on the Sea,2015,https://boxd.it/d9uY
2024-01-10,Last Letter,2018,https://boxd.it/k9DA
2024-01-10,Ramen Shop,2018,https://boxd.it/i4TE
2024-01-10,A Blind Alley,2018,https://boxd.it/nwXE
2024-01-10,The Strange Thing About the Johnsons,2011,https://boxd.it/56nO
2024-01-10,Cold War,2018,https://boxd.it/fEoc
2024-01-10,Move to Heaven,2021,https://boxd.it/viLU
2024-01-10,To Live,1994,https://boxd.it/1j6S
2024-01-10,Hong Sangsoo – Winner of the Silver Bear for Best Screenplay,2021,https://boxd.it/udps
2024-01-10,To the Ends of the Earth,2019,https://boxd.it/jEUA
2024-01-10,The Villainess,2017,https://boxd.it/fwe4
2024-01-10,Days of Being Wild,1990,https://boxd.it/1HbC
2024-01-10,Every Day a Good Day,2018,https://boxd.it/jzNO
2024-01-10,Yuwol: The Boy Who Made The World Dance,2018,https://boxd.it/oZPc
2024-01-10,Fighting Soldiers,1939,https://boxd.it/5MYW
2024-01-10,The Woman in the Rumor,1954,https://boxd.it/Od4
2024-01-10,Untamed Woman,1957,https://boxd.it/49te
2024-01-10,Bargain,2015,https://boxd.it/hMu2
2024-01-10,Transferring,2012,https://boxd.it/c1wA
2024-01-10,Gu,2016,https://boxd.it/mDTW
2024-01-10,La Maison en Petits Cubes,2008,https://boxd.it/1D06
2024-01-10,Bao,2018,https://boxd.it/iEl4
2024-01-10,Taipei Suicide Story,2020,https://boxd.it/rPVK
2024-01-10,Will You Look at Me,2022,https://boxd.it/ArwY
2024-01-10,Shudō,2015,https://boxd.it/kLr8
2024-01-10,Heartsaver,2016,https://boxd.it/g24A
2024-01-10,Mina,2018,https://boxd.it/sbQM
2024-01-10,Yeonji,2016,https://boxd.it/nUBW
2024-01-10,Summer's Tail,2015,https://boxd.it/ekLe
2024-01-10,Incoherence,1994,https://boxd.it/2fSK
2024-01-10,A Thousand and One,2023,https://boxd.it/wi60
2024-01-10,The Right Stuff,1983,https://boxd.it/1YoS
2024-01-10,My Dinner with Andre,1981,https://boxd.it/1vLe
2024-01-10,Bottle Rocket,1996,https://boxd.it/1PDa
2024-01-10,Groundhog Day,1993,https://boxd.it/2b3e
2024-01-11,The Meetings of Anna,1978,https://boxd.it/3gEG
2024-01-11,From the East,1993,https://boxd.it/3ywU
2024-01-11,Toute une nuit,1982,https://boxd.it/9oA
2024-01-11,No Home Movie,2015,https://boxd.it/bXWE
2024-01-11,Golden Eighties,1986,https://boxd.it/67Q
2024-01-11,Variations,1998,https://boxd.it/eICU
2024-01-11,Love Must Love,1968,https://boxd.it/cWte
2024-01-11,Salomé,1976,https://boxd.it/croW
2024-01-11,Blue,1993,https://boxd.it/3iyA
2024-01-11,Blue Period,2021,https://boxd.it/yy86
2024-01-11,The Disaster Artist,2017,https://boxd.it/cTqc
2024-01-11,Texhnolyze,2003,https://boxd.it/py62
2024-01-11,Serial Experiments Lain,1998,https://boxd.it/hYQE
2024-01-11,Revue Starlight: The Movie,2021,https://boxd.it/nYyC
2024-01-11,Mikey and Nicky,1976,https://boxd.it/iL4
2024-01-11,Network,1976,https://boxd.it/1VqG
2024-01-11,The Firemen's Ball,1967,https://boxd.it/15Yc
2024-01-11,Mean Streets,1973,https://boxd.it/2aSU
2024-01-11,Bounded-Boundless,2008,https://boxd.it/jKOS
2024-01-11,Sicario,2015,https://boxd.it/8i7u
2024-01-11,The Killing of Two Lovers,2020,https://boxd.it/oiN8
2024-01-11,Occult,2009,https://boxd.it/3VFU
2024-01-11,Sympathy for Mr. Vengeance,2002,https://boxd.it/23WU
2024-01-11,Rapture,1979,https://boxd.it/24f8
2024-01-11,Bring Me the Head of Alfredo Garcia,1974,https://boxd.it/1SIs
2024-01-11,The Lovers on the Bridge,1991,https://boxd.it/26li
2024-01-11,Absence,2018,https://boxd.it/l9sE
2024-01-12,The Piano,1993,https://boxd.it/29Kq
2024-01-12,Super 8,2011,https://boxd.it/dVI
2024-01-12,RoboCop,1987,https://boxd.it/22Wu
2024-01-12,Blow-Up,1966,https://boxd.it/2966
2024-01-12,On Either Sides of the Pond,2022,https://boxd.it/C56e
2024-01-12,Badnam Basti,1971,https://boxd.it/qbzs
2024-01-14,Movie That Invites Pausing,2020,https://boxd.it/qyUS
2024-01-14,Remembrance,1963,https://boxd.it/ebaI
2024-01-14,Offering,1978,https://boxd.it/bs2U
2024-01-14,Ghost,1984,https://boxd.it/7E1c
2024-01-14,The Water of the Seine,1983,https://boxd.it/h0Bu
2024-01-14,Art of Style: Jean Cocteau,2018,https://boxd.it/kN12
2024-01-14,Cathedral,1971,https://boxd.it/sJTA
2024-01-14,Fuses,1967,https://boxd.it/4KZ2
2024-01-14,Devilman Crybaby,2018,https://boxd.it/muwa
2024-01-14,Thunder,1982,https://boxd.it/8yjc
2024-01-14,Dervish Machine,1992,https://boxd.it/mc0K
2024-01-14,Living,2022,https://boxd.it/syDQ
2024-01-15,Microhabitat,2017,https://boxd.it/hn9o
2024-01-15,Last Night in Soho,2021,https://boxd.it/lbJC
2024-01-15,Four Daughters,2023,https://boxd.it/ErTw
2024-01-15,Fanny and Alexander,1984,https://boxd.it/lXFe
2024-01-15,Starfuckers,2022,https://boxd.it/yqvQ
2024-01-15,I Like Life a Lot,1977,https://boxd.it/kWFq
2024-01-15,Even Fake Flowers Have Scent on Happy Days,2021,https://boxd.it/u3pC
2024-01-15,Bo Burnham: What.,2013,https://boxd.it/7au4
2024-01-15,Loving Vincent,2017,https://boxd.it/biIQ
2024-01-15,The Invisible Guest,2016,https://boxd.it/euce
2024-01-15,Love in the Afternoon,1972,https://boxd.it/1Svo
2024-01-15,Death in Venice,1971,https://boxd.it/21tm
2024-01-15,Caché,2005,https://boxd.it/2amY
2024-01-15,Certified Copy,2010,https://boxd.it/IMW
2024-01-15,I Am Twenty,1965,https://boxd.it/4I7C
2024-01-16,King Richard,2021,https://boxd.it/mJZ2
2024-01-16,The Wailing,2016,https://boxd.it/9fLy
2024-01-16,American Beauty,1999,https://boxd.it/71Y
2024-01-16,Happiness,1998,https://boxd.it/1VEe
2024-01-16,Oasis,2002,https://boxd.it/1sO0
2024-01-16,Dogtooth,2009,https://boxd.it/158K
2024-01-16,The Twilight Samurai,2002,https://boxd.it/1RRI
2024-01-16,The Thin Man,1934,https://boxd.it/25gw
2024-01-16,Let the Right One In,2008,https://boxd.it/1Qr0
2024-01-16,The Ascent,1977,https://boxd.it/Eew
2024-01-16,A Man Escaped,1956,https://boxd.it/1MzY
2024-01-16,Wildlife,2018,https://boxd.it/eKYe
2024-01-16,Counterfeit Kunkoo,2018,https://boxd.it/iKcs
2024-01-16,Varumayin Niram Sivappu,1980,https://boxd.it/8iG
2024-01-16,Is This Just a Story?,1983,https://boxd.it/qcpy
2024-01-17,Aparan,1988,https://boxd.it/4nvS
2024-01-18,Where the Wild Things Are,2009,https://boxd.it/1K0C
2024-01-18,The Mitchells vs. the Machines,2021,https://boxd.it/i7xm
2024-01-18,A Charlie Brown Thanksgiving,1973,https://boxd.it/1Q5I
2024-01-18,A Charlie Brown Christmas,1965,https://boxd.it/1QDq
2024-01-18,Son of the White Mare,1981,https://boxd.it/10f2
2024-01-18,Samsara,2011,https://boxd.it/3ada
2024-01-18,Anima,2019,https://boxd.it/mxuc
2024-01-18,Son of Saul,2015,https://boxd.it/b6r4
2024-01-18,Kill Bill: The Whole Bloody Affair,2004,https://boxd.it/eCrQ
2024-01-18,Shame,2011,https://boxd.it/2CxU
2024-01-18,Nebraska,2013,https://boxd.it/4exq
2024-01-18,Wilfred,2002,https://boxd.it/6aII
2024-01-18,1922,2017,https://boxd.it/g8CS
2024-01-19,Nausicaä of the Valley of the Wind,1984,https://boxd.it/2bc6
2024-01-20,Christmas in August,1998,https://boxd.it/1sQK
2024-01-20,Mother,2009,https://boxd.it/1m9g
2024-01-20,The Scent of Green Papaya,1993,https://boxd.it/1EWq
2024-01-20,A Better Tomorrow,1986,https://boxd.it/1TLW
2024-01-20,The Raid,2011,https://boxd.it/3hBy
2024-01-20,Winter Sleep,2014,https://boxd.it/7Ua0
2024-01-20,Marriage Story,2019,https://boxd.it/hJAw
2024-01-20,Suzanne’s Career,1963,https://boxd.it/350A
2024-01-20,A Pigeon Sat on a Branch Reflecting on Existence,2014,https://boxd.it/3Ifa
2024-01-20,Manly,2014,https://boxd.it/9o0G
2024-01-20,Hotel,2004,https://boxd.it/zse
2024-01-20,Kiki's Delivery Service,1989,https://boxd.it/1JAY
2024-01-20,Over the Town,2019,https://boxd.it/sBnQ
2024-01-20,Elephant,2003,https://boxd.it/287i
2024-01-20,Hot Road,2014,https://boxd.it/9z7I
2024-01-20,Dr. Strangelove or: How I Learned to Stop Worrying and Love the Bomb,1964,https://boxd.it/29eY
2024-01-20,More Than Words,2022,https://boxd.it/Glcq
2024-01-20,Eternal Summer,2006,https://boxd.it/qEA
2024-01-20,We Couldn't Become Adults,2021,https://boxd.it/txOg
2024-01-20,What Is Love?,2018,https://boxd.it/jgIA
2024-01-20,Aristocrats,2020,https://boxd.it/qUy0
2024-01-20,Sweet Bean,2015,https://boxd.it/alaK
2024-01-20,The Cornered Mouse Dreams of Cheese,2020,https://boxd.it/q3Bq
2024-01-20,The Little Drummer Girl,2018,https://boxd.it/kkCS
2024-01-20,Red Cliff,2008,https://boxd.it/1S6y
2024-01-20,The Virgin Spring,1960,https://boxd.it/1TjI
2024-01-20,In The Pale,,https://boxd.it/F2vG
2024-01-20,Blissfully Yours,2002,https://boxd.it/LFu
2024-01-20,Cutting Moments,1997,https://boxd.it/1jSs
2024-01-20,Phoenix,2014,https://boxd.it/7u46
2024-01-20,Skinamarink,2022,https://boxd.it/ByDO
2024-01-20,A Story from Chikamatsu,1954,https://boxd.it/1bMw
2024-01-20,Sideways,2004,https://boxd.it/1Y5c
2024-01-20,Horace and Pete,2016,https://boxd.it/eqkS
2024-01-20,The Ritual,2017,https://boxd.it/fo0I
2024-01-20,Il Buco,2021,https://boxd.it/ozry
2024-01-20,Japón,2002,https://boxd.it/1b4Y
2024-01-20,Lords of Dogtown,2005,https://boxd.it/1XOg
2024-01-20,On the Waterfront,1954,https://boxd.it/29TC
2024-01-20,Brazil,1985,https://boxd.it/2be2
2024-01-20,Paris Is Burning,1990,https://boxd.it/1jzg
2024-01-20,"As I Was Moving Ahead, Occasionally I Saw Brief Glimpses of Beauty",2000,https://boxd.it/4gcu
2024-01-20,The Act of Killing,2012,https://boxd.it/44Cg
2024-01-20,The Look of Silence,2014,https://boxd.it/8006
2024-01-20,The Emperor's Naked Army Marches On,1987,https://boxd.it/AeC
2024-01-20,Tie Xi Qu: West of the Tracks,2002,https://boxd.it/33La
2024-01-20,Turtle Vision,1991,https://boxd.it/7uPQ
2024-01-20,Ettrick,2015,https://boxd.it/nGQS
2024-01-20,The Music Room,1958,https://boxd.it/29x2
2024-01-20,The Stranger,1991,https://boxd.it/YxS
2024-01-20,The Middleman,1975,https://boxd.it/42wq
2024-01-20,Nainsukh,2010,https://boxd.it/2R6Y
2024-01-21,Papillon,1973,https://boxd.it/22kK
2024-01-21,Aimless Bullet,1961,https://boxd.it/2skQ
2024-01-21,Toto the Hero,1991,https://boxd.it/pom
2024-01-21,Onibaba,1964,https://boxd.it/252a
2024-01-21,The Discreet Charm of the Bourgeoisie,1972,https://boxd.it/2440
2024-01-22,The Red and the White,1967,https://boxd.it/xTM
2024-01-22,Matilda,1996,https://boxd.it/1VhY
2024-01-22,Pierrette's Escapades,1900,https://boxd.it/3Yy8
2024-01-22,Mary Jane's Mishap,1903,https://boxd.it/4isk
2024-01-22,The X-Ray Fiend,1897,https://boxd.it/3zmc
2024-01-22,Salomé,1922,https://boxd.it/3lX4
2024-01-22,Ocean Studies,1906,https://boxd.it/3YHO
2024-01-22,Here and Elsewhere,1976,https://boxd.it/1u9I
2024-01-22,Sasquatch Sunset,2024,https://boxd.it/Coz0
2024-01-22,Greedy People,2024,https://boxd.it/ANiu
2024-01-22,Sasaki in My Mind,2020,https://boxd.it/s5cQ
2024-01-22,"One Day, You Will Reach the Sea",2022,https://boxd.it/yNVi
2024-01-22,Eternally Younger Than Those Idiots,2020,https://boxd.it/s5cw
2024-01-22,A Crowd of Three,2010,https://boxd.it/42aO
2024-01-22,Asleep,2015,https://boxd.it/beFe
2024-01-22,Girls' Encounter,2017,https://boxd.it/iPdg
2024-01-22,Moonless Dawn,2019,https://boxd.it/nmAU
2024-01-22,Please Don't Go Anywhere,2017,https://boxd.it/m6RI
2024-01-22,blank13,2017,https://boxd.it/guEw
2024-01-22,Himizu,2011,https://boxd.it/3oFs
2024-01-22,The Fundamentals of Caring,2016,https://boxd.it/aiai
2024-01-22,Thunder Road,2018,https://boxd.it/i8Hs
2024-01-22,Paddleton,2019,https://boxd.it/j4YQ
2024-01-22,Captain Fantastic,2016,https://boxd.it/b2K2
2024-01-22,Kill the Messenger,2014,https://boxd.it/7dFO
2024-01-22,Buster's Mal Heart,2016,https://boxd.it/cIAg
2024-01-22,Mudbound,2017,https://boxd.it/eCsu
2024-01-22,The Peanut Butter Falcon,2019,https://boxd.it/gzu2
2024-01-23,Kuroneko,1968,https://boxd.it/12mE
2024-01-23,Crimes and Misdemeanors,1989,https://boxd.it/1Ty4
2024-01-23,Inherit the Wind,1960,https://boxd.it/27SW
2024-01-23,Mary and Max,2009,https://boxd.it/1y2m
2024-01-23,Under the Silver Lake,2018,https://boxd.it/dSAs
2024-01-23,Andy's Funhouse,1979,https://boxd.it/5wTw
2024-01-23,Starstruck,1982,https://boxd.it/G7M
2024-01-23,Elisabeth,1997,https://boxd.it/nVHQ
2024-01-23,Staring at Festive Herbie for 90 Minutes,2018,https://boxd.it/iNEa
2024-01-23,Bo Burnham: Make Happy,2016,https://boxd.it/e436
2024-01-23,A Letter to Momo,2011,https://boxd.it/3r0M
2024-01-23,Moon,2009,https://boxd.it/1IGQ
2024-01-23,Jacob's Ladder,1990,https://boxd.it/270g
2024-01-23,Birth,2004,https://boxd.it/1VvQ
2024-01-25,The Summit of the Gods,2021,https://boxd.it/qFIu
2024-01-25,96,2018,https://boxd.it/fHYM
2024-01-25,Kumbalangi Nights,2019,https://boxd.it/l8wA
2024-01-25,Joy of Learning,1969,https://boxd.it/BU0
2024-01-25,The Jester's Joke,1912,https://boxd.it/5QEQ
2024-01-25,Cyrano de Bergerac,1900,https://boxd.it/5TsS
2024-01-25,Rest Energy,1980,https://boxd.it/oTL4
2024-01-25,The Kingdom of the Fairies,1903,https://boxd.it/1gIa
2024-01-25,The Turin Horse,2011,https://boxd.it/2Qsk
2024-01-25,Spencer,2021,https://boxd.it/qPMG
2024-01-25,Tahaan,2008,https://boxd.it/gw2
2024-01-25,Om Dar-B-Dar,1988,https://boxd.it/784I
2024-01-25,The Namesake,2006,https://boxd.it/1JJG
2024-01-25,The Jewellery Box,2013,https://boxd.it/6n3y
2024-01-26,The Night,1992,https://boxd.it/4a3w
2024-01-26,The Bridges of Madison County,1995,https://boxd.it/29Os
2024-01-26,A Woman Under the Influence,1974,https://boxd.it/1myg
2024-01-26,Middleditch & Schwartz,2020,https://boxd.it/pV28
2024-01-26,Das Boot,1981,https://boxd.it/2av2
2024-01-26,The Fifth Seal,1976,https://boxd.it/2GNW
2024-01-26,Enemy,2013,https://boxd.it/5xtO
2024-01-27,Khushi,2001,https://boxd.it/2PAi
2024-01-27,Pictures of Ghosts,2023,https://boxd.it/G55S
2024-01-27,A,1965,https://boxd.it/8rMw
2024-01-27,Valparaiso,1963,https://boxd.it/2Ln0
2024-01-27,Abi and Rabi,1930,https://boxd.it/8hnc
2024-01-27,Adam 2,1970,https://boxd.it/8rNk
2024-01-27,The Adventures of Dollie,1908,https://boxd.it/4ir2
2024-01-27,The Act of Seeing with One's Own Eyes,1972,https://boxd.it/48LQ
2024-01-27,The Warped Ones,1960,https://boxd.it/3jyQ
2024-01-27,The Hoarding,2020,https://boxd.it/suuU
2024-01-27,Sunset Boulevard,1950,https://boxd.it/2a20
2024-01-27,Man with a Movie Camera,1929,https://boxd.it/1u7s
2024-01-27,Meshes of the Afternoon,1943,https://boxd.it/1sEE
2024-01-27,The Hidden Fortress,1958,https://boxd.it/295M
2024-01-27,The Leaden Echo and the Golden Echo,1955,https://boxd.it/cMNI
2024-01-27,Purple Noon,1960,https://boxd.it/1WrU
2024-01-27,Maurice,1987,https://boxd.it/1tZy
2024-01-27,A Room with a View,1986,https://boxd.it/1UfC
2024-01-27,Can't Get You Out of My Head,2021,https://boxd.it/tYaC
2024-01-27,"Riotsville, USA",2022,https://boxd.it/tSLs
2024-01-27,Twelve Monkeys,1995,https://boxd.it/2beQ
2024-01-27,La Jetée,1962,https://boxd.it/29Sk
2024-01-27,Happy as Lazzaro,2018,https://boxd.it/hiVs
2024-01-27,To Be and to Have,2002,https://boxd.it/23gY
2024-01-27,The Eternal Memory,2023,https://boxd.it/D4g0
2024-01-27,Io Capitano,2023,https://boxd.it/zmrM
2024-01-28,The Lodger: A Story of the London Fog,1927,https://boxd.it/26m6
2024-01-28,Pariyerum Perumal,2018,https://boxd.it/gyAy
2024-01-31,The Eight Mountains,2022,https://boxd.it/ufRe
2024-01-31,There Is No Evil,2020,https://boxd.it/oRVQ
2024-01-31,Gamak Ghar,2019,https://boxd.it/njEE
2024-01-31,Geographies of Solitude,2022,https://boxd.it/yY9u
2024-01-31,About Love,2019,https://boxd.it/muha
2024-04-16,The Flavor of Green Tea Over Rice,1952,https://boxd.it/spi
2024-05-27,Mithya,2023,https://boxd.it/Js4u
2024-05-27,Sleep Has Her House,2017,https://boxd.it/fljC
2024-12-26,"It's Okay, That's Love",2014,https://boxd.it/ulrc
2024-12-30,Chizuko's Younger Sister,1991,https://boxd.it/5sRc
2024-12-30,The Sweet East,2023,https://boxd.it/CcHw
2025-01-30,All We Imagine as Light,2024,https://boxd.it/yXaQ
2025-01-31,A Touch of Fever,1993,https://boxd.it/6oPo
2025-01-31,Why Has Bodhi-Dharma Left for the East?,1989,https://boxd.it/aQg
2025-02-04,A Kingdom of Tea & Strangers,2024,https://boxd.it/Kapm
2025-02-04,A Real Pain,2024,https://boxd.it/CjNG
2025-02-07,Sometimes I Think About Dying,2023,https://boxd.it/xGlg
2025-02-14,The Witch,2015,https://boxd.it/9X0m
2025-02-14,My Neighbors the Yamadas,1999,https://boxd.it/1KC2
2025-02-19,No End,1985,https://boxd.it/2b5a
2025-02-20,Last Life in the Universe,2003,https://boxd.it/1Tri
2025-02-22,Before the Flood,2016,https://boxd.it/et2W
2025-02-23,Sing Sing,2023,https://boxd.it/HIBA
2025-02-23,Your Name Engraved Herein,2020,https://boxd.it/qWwA
2025-02-23,An Unmarried Woman,1978,https://boxd.it/15kG
2025-02-23,The Iron Giant,1999,https://boxd.it/1Wow
2025-02-23,Great Freedom,2021,https://boxd.it/vwpe
2025-02-23,Small Talk,2016,https://boxd.it/f2kQ
2025-02-23,Breaking Away,1979,https://boxd.it/1DMO
2025-02-23,After Hours,1985,https://boxd.it/1VfS
2025-02-23,Dìdi (弟弟),2024,https://boxd.it/HQOW
2025-02-23,Nǎi Nai & Wài Pó,2023,https://boxd.it/F3My
2025-02-23,Without Memory,1996,https://boxd.it/3f4s
2025-02-23,Lunana: A Yak in the Classroom,2019,https://boxd.it/ndMM
2025-02-23,The Hand of God,2021,https://boxd.it/r5uI
2025-02-23,Nichijou: My Ordinary Life,2011,https://boxd.it/px4u
2025-02-23,Miami Vice,2006,https://boxd.it/2bbW
2025-02-23,She Sat There Like All Ordinary Ones,2024,https://boxd.it/F0hi
2025-02-23,The Concierge,2023,https://boxd.it/Gh06
2025-02-23,Whispering Pages,1994,https://boxd.it/4Squ
2025-02-23,Picnic,1996,https://boxd.it/10HU
2025-02-23,Mermaid,1997,https://boxd.it/5djE
2025-02-23,Chinatown,1974,https://boxd.it/29vU
2025-02-23,Gone Baby Gone,2007,https://boxd.it/23R6
2025-02-23,To Live and Die in L.A.,1985,https://boxd.it/1XFo
2025-02-23,It's a Summer Film!,2020,https://boxd.it/s5fg
2025-02-23,Blind Chance,1987,https://boxd.it/2b4G
2025-02-23,Children of the Sea,2019,https://boxd.it/lwe6
2025-02-23,The Cinema Travellers,2016,https://boxd.it/e7Im
2025-02-23,Shirkers,2018,https://boxd.it/hDOs
2025-02-23,Inside the Yellow Cocoon Shell,2023,https://boxd.it/Gama
2025-02-23,The Eighth Sense,2023,https://boxd.it/Fxfa
2025-02-23,Samuel,2024,https://boxd.it/LWKk
2025-02-23,Suspiria,1977,https://boxd.it/1SNW
2025-02-23,About Elly,2009,https://boxd.it/18Ry
2025-02-23,The Beast,2023,https://boxd.it/yqmk
2025-02-23,When Faith Moves Mountains,2002,https://boxd.it/lM5Y
2025-02-23,A Visitor to a Museum,1989,https://boxd.it/2wKe
2025-02-23,A Confucian Confusion,1994,https://boxd.it/uNc
2025-02-23,The Garden of Sinners: Paradox Spiral,2008,https://boxd.it/1zA0
2025-02-23,The Plague Dogs,1982,https://boxd.it/1m38
2025-02-23,Girlfriends,1978,https://boxd.it/3JYU
2025-02-23,Trouble Every Day,2001,https://boxd.it/115M
2025-02-23,Ode to the Goose,2018,https://boxd.it/jWZ4
2025-02-23,"What's Up, Doc?",1972,https://boxd.it/21iy
2025-02-23,Bangkok Nites,2016,https://boxd.it/emZW
2025-02-23,My Dearest,2023,https://boxd.it/K7gw
2025-02-23,18x2 Beyond Youthful Days,2024,https://boxd.it/J4Lk
2025-02-23,Fanny and Alexander,1982,https://boxd.it/22go
2025-02-23,Flowers of Evil,2013,https://boxd.it/q0mW
2025-02-23,The Village,2004,https://boxd.it/21iS
2025-02-23,The Umesh Chronicles,2024,https://boxd.it/A4HO
2025-02-23,Pestonjee,1988,https://boxd.it/7k4A
2025-02-23,Summer with Monika,1953,https://boxd.it/JZC
2025-02-23,Maya Memsaab,1993,https://boxd.it/5gTK
2025-02-23,The Count of Monte Cristo,2024,https://boxd.it/F1Nk
2025-02-23,"A Girl, She Is 100%",1983,https://boxd.it/7DL4
2025-02-23,Sex Is No Laughing Matter,2008,https://boxd.it/2R1E
2025-02-23,Dogs & Cats,2004,https://boxd.it/59eq
2025-02-23,The Girl Who Leapt Through Time,2006,https://boxd.it/1OPa
2025-02-23,Hundreds of Beavers,2022,https://boxd.it/CyUM
2025-02-23,Love in the Big City,2024,https://boxd.it/HF8q
2025-02-23,Love In The Big City,2024,https://boxd.it/QWhM
2025-02-23,Okja,2017,https://boxd.it/dvXe
2025-02-23,Escape at Dannemora,2018,https://boxd.it/l0jo
2025-02-23,Run/On,2020,https://boxd.it/pRpC
2025-02-23,Dear Ex,2018,https://boxd.it/j1XK
2025-02-23,Dekalog,1989,https://boxd.it/bv4u
2025-02-24,Little Children,2006,https://boxd.it/28Ka
2025-02-24,Decalogue I,1989,https://boxd.it/3WmE
2025-02-24,Decalogue II,1989,https://boxd.it/C8Q
2025-02-24,Decalogue III,1989,https://boxd.it/3Wmu
2025-02-24,Decalogue IV,1989,https://boxd.it/C8w
2025-02-24,Decalogue V,1989,https://boxd.it/3Wma
2025-02-24,Decalogue VI,1989,https://boxd.it/3WlQ
2025-02-24,Decalogue VII,1989,https://boxd.it/3WlG
2025-02-24,Decalogue VIII,1989,https://boxd.it/C8m
2025-02-24,Decalogue IX,1989,https://boxd.it/3Wlw
2025-02-24,Decalogue X,1989,https://boxd.it/3Wlm
2025-02-26,Gladiator II,2024,https://boxd.it/kqQQ
2025-02-26,The Human Condition I: No Greater Love,1959,https://boxd.it/1jAy
2025-02-26,The Human Condition III: A Soldier's Prayer,1961,https://boxd.it/1dIQ
2025-02-26,Ikiru,1952,https://boxd.it/251c
2025-02-26,Autumn Sonata,1978,https://boxd.it/1Rio
2025-02-26,Borderlands,2021,https://boxd.it/qpsq
2025-02-26,Arvind Desai Ki Ajeeb Dastaan,1978,https://boxd.it/4bLk
2025-02-26,Albert Pinto Ko Gussa Kyoon Aata Hai,1981,https://boxd.it/36ey
2025-02-26,The Creator,2023,https://boxd.it/oXWq
2025-02-26,Bones and All,2022,https://boxd.it/tLd4
2025-02-26,LINK CLICK,2021,https://boxd.it/wqyw
2025-02-26,ERASED,2016,https://boxd.it/px1A
2025-02-27,Suzaku,1997,https://boxd.it/19yC
2025-02-27,Ballot,2024,https://boxd.it/I452
2025-02-27,Nazar,1990,https://boxd.it/7ILo
2025-02-27,Let the Wind Blow,2004,https://boxd.it/9AEo
2025-02-28,Kaasav: Turtle,2016,https://boxd.it/gpxK
2025-02-28,Flow,2024,https://boxd.it/v1Ei
2025-02-28,The Band's Visit,2007,https://boxd.it/239I
2025-02-28,Katyar Kaljat Ghusali,2015,https://boxd.it/cLBc
2025-02-28,Lonely Heart,1985,https://boxd.it/7LgI
2025-03-01,A Different Man,2024,https://boxd.it/BoEC
2025-03-01,Klaus,2019,https://boxd.it/ipoi
2025-03-02,Rabindranath Tagore,1961,https://boxd.it/4Yyk
2025-03-02,Me Vasantrao,2022,https://boxd.it/xU7M
2025-03-02,I'm Still Here,2024,https://boxd.it/BPEO
2025-03-04,Coraline,2009,https://boxd.it/1NhQ
2025-03-04,Dune: Part Two,2024,https://boxd.it/pUfA
2025-03-04,Beautiful Boy,2018,https://boxd.it/g76Q
2025-03-04,Trainspotting,1996,https://boxd.it/29XY
2025-03-04,"Throw Away Your Books, Rally in the Streets",1971,https://boxd.it/3yio
2025-03-04,After Life,1998,https://boxd.it/1HMI
2025-03-04,Our Little Sister,2015,https://boxd.it/abBm
2025-03-04,After the Storm,2016,https://boxd.it/d0HY
2025-03-04,I Wish,2011,https://boxd.it/2L3k
2025-03-04,Ishibumi,2015,https://boxd.it/iJ1S
2025-03-05,Mirror,1975,https://boxd.it/28Q8
2025-03-08,Starlet,2012,https://boxd.it/3dvG
2025-03-08,Transit,2018,https://boxd.it/gUK6
2025-03-09,Village Rockstars,2017,https://boxd.it/gYRA
2025-03-11,Chûshingura,1962,https://boxd.it/RoY
2025-03-12,Signs,2002,https://boxd.it/26t2
2025-03-14,I've Heard the Ammonite Murmur,1992,https://boxd.it/dHXA
2025-03-14,Aattam,2023,https://boxd.it/Aaws
2025-03-17,The Shop Around the Corner,1940,https://boxd.it/1DFy
2025-03-19,No Other Land,2024,https://boxd.it/KOTG
2025-03-20,Dhuin,2022,https://boxd.it/yV2K
2025-03-20,Mukhsin,2006,https://boxd.it/3ZH6
2025-03-31,Mountains May Depart,2015,https://boxd.it/a86U
2025-04-16,Terror in Resonance,2014,https://boxd.it/py6m
2025-04-19,Set It Up,2018,https://boxd.it/dpik
2025-04-21,Still Alice,2014,https://boxd.it/8Nhq
2025-04-23,Gemma Bovery,2014,https://boxd.it/8e0a
2025-04-30,The Philadelphia Story,1940,https://boxd.it/29a8
2025-05-01,The Ancient Magus' Bride,2017,https://boxd.it/qIDs
2025-05-01,Sonny Boy,2021,https://boxd.it/vYTQ
2025-05-01,DAN DA DAN: First Encounter,2024,https://boxd.it/NWzg
2025-05-09,Time Masters,1982,https://boxd.it/1Atu
2025-05-21,36,2012,https://boxd.it/4rrU
2025-05-26,Welcome to the N-H-K,2006,https://boxd.it/py6G
2025-05-26,Vengeance Is Mine,1984,https://boxd.it/gvAU
2025-05-26,Resurrection,2025,https://boxd.it/x9DG
2025-05-31,Superbad,2007,https://boxd.it/20hO
2025-06-04,Angel's Egg,1985,https://boxd.it/1LeA
2025-06-04,Neon Genesis Evangelion,1995,https://boxd.it/ptEI
2025-06-05,Borgman,2013,https://boxd.it/5Fcm
2025-06-07,The Salesman,2016,https://boxd.it/d2we
2025-06-09,Six Strands,2011,https://boxd.it/bs1M
2025-06-09,Alien,1979,https://boxd.it/2awY
2025-06-09,Once Upon a Time in Anatolia,2011,https://boxd.it/2yHG
2025-06-09,Stolen,2023,https://boxd.it/HJAe
2025-06-09,The Last Duel,2021,https://boxd.it/mQbe
2025-06-09,Comet,2014,https://boxd.it/8r08
2025-06-09,Friendship,2024,https://boxd.it/L6Dc
2025-06-09,Rififi,1955,https://boxd.it/29f8
2025-06-09,The Phoenician Scheme,2025,https://boxd.it/H0Ca
2025-06-09,When Life Gives You Tangerines,2025,https://boxd.it/TRlA
2025-06-13,Sink or Swim,1990,https://boxd.it/44PE
2025-06-13,Embracing,1992,https://boxd.it/53GI
2025-06-13,High Life,2018,https://boxd.it/d6bk
2025-06-13,The Bed You Sleep In,1993,https://boxd.it/6xVq
2025-06-18,Chime,2024,https://boxd.it/KiS2
2025-06-18,The Shrouds,2024,https://boxd.it/AEZa
2025-06-18,Rehearsals for Retirement,2007,https://boxd.it/g46y
2025-06-19,Sulemani Keeda,2014,https://boxd.it/7RSo
2025-06-20,The Trial,1962,https://boxd.it/25Xg
2025-06-20,Spider-Man: Beyond the Spider-Verse,2027,https://boxd.it/ykgU
2025-06-20,Life Itself,2014,https://boxd.it/7lqC
2025-06-20,The Wild Pear Tree,2018,https://boxd.it/eMtM
2025-06-20,Typhoon Club,1985,https://boxd.it/3Ffw
2025-06-23,The Wild Robot,2024,https://boxd.it/IWFy
2025-06-23,Tombstone,1993,https://boxd.it/1SE6
2025-06-23,Silenced,2011,https://boxd.it/2QGG
2025-06-23,Mukti Bhawan,2016,https://boxd.it/eAFQ
2025-06-29,Misery,1990,https://boxd.it/28gY
2025-07-03,Iruvar,1997,https://boxd.it/H2o
2025-07-03,Dancer in the Dark,2000,https://boxd.it/71E
2025-07-04,Once,2007,https://boxd.it/22GG
2025-07-04,The Lives of Others,2006,https://boxd.it/2a4A
2025-07-05,Postcard,2014,https://boxd.it/7EyU
2025-07-06,Events in a Cloud Chamber,2016,https://boxd.it/f4D6
2025-07-06,The Bad News Bears,1976,https://boxd.it/1zb0
2025-07-06,Cloud,2024,https://boxd.it/LhR0
2025-07-06,April,2024,https://boxd.it/Egx0
2025-07-06,Jersey,2019,https://boxd.it/lQjU
2025-07-06,The Medium,2021,https://boxd.it/s0oi
2025-07-07,One-Tenth of a Millimeter Apart,2021,https://boxd.it/uDdM
2025-07-07,American History X,1998,https://boxd.it/2bdo
2025-07-07,Baraka,1992,https://boxd.it/1OWA
2025-07-07,The Red Point of Marriage,2022,https://boxd.it/sk8Y
2025-07-08,The Man Who Sleeps,1974,https://boxd.it/3xwE
2025-07-08,Outer Space,1999,https://boxd.it/3IOY
2025-07-09,Papicha,2019,https://boxd.it/lPAq
2025-07-09,Mayaanadhi,2017,https://boxd.it/goaU
2025-07-10,Bugonia,2025,https://boxd.it/qeWY
2025-07-10,Springsteen: Deliver Me from Nowhere,2025,https://boxd.it/KJG8
2025-07-10,Kamikaze Taxi,1995,https://boxd.it/4X28
2025-07-10,The Official Story,1985,https://boxd.it/1nS2
2025-07-10,Ordinary People,1980,https://boxd.it/1JTm
2025-07-10,Bicycle Thieves,1948,https://boxd.it/23hW
2025-07-10,Citizen Kane,1941,https://boxd.it/71O
2025-07-10,The Pavement,2015,https://boxd.it/aL28
2025-07-11,28 Years Later,2025,https://boxd.it/FEGM
2025-07-11,But I'm a Cheerleader,1999,https://boxd.it/1CW4
2025-07-11,Mirch Masala,1987,https://boxd.it/6R0E
2025-07-11,The Road to the Racetrack,1991,https://boxd.it/6sGU
2025-07-11,Kilukkam,1991,https://boxd.it/4tpm
2025-07-11,Ramprasad Ki Tehrvi,2019,https://boxd.it/nTPy
2025-07-11,John Wick: Chapter 4,2023,https://boxd.it/mh48
2025-07-11,Everything Will Be OK,2006,https://boxd.it/1h0y
2025-07-11,I Am So Proud of You,2008,https://boxd.it/1h0e
2025-07-13,An Essay of the Rain,2017,https://boxd.it/koFG
2025-07-13,Taar,2020,https://boxd.it/Jzdo
2025-07-14,Superman,2025,https://boxd.it/E9IU
2025-07-14,Duma,2005,https://boxd.it/1Lg2
2025-07-14,The Reluctant Fundamentalist,2012,https://boxd.it/41nM
2025-07-14,The Treasure of the Sierra Madre,1948,https://boxd.it/25Lk
2025-07-14,The Descent,2005,https://boxd.it/1YNy
2025-07-22,Heaven Is Still Far Away,2016,https://boxd.it/j2Xc
2025-07-22,Wild Wild Country,2018,https://boxd.it/j1P2
2025-07-24,Railroad Man,1999,https://boxd.it/2ck6
2025-07-25,HyperNormalisation,2016,https://boxd.it/eOGy
2025-07-25,Adaptation.,2002,https://boxd.it/26mA
2025-07-25,Black Friday,2004,https://boxd.it/1oUy
2025-07-26,Ordet,1955,https://boxd.it/Jiy
2025-07-27,Erin Brockovich,2000,https://boxd.it/2al2
2025-07-28,Man in Love,2021,https://boxd.it/u1t8
2025-07-29,Ankur: The Seedling,1974,https://boxd.it/5hJG
2025-07-29,Mandi,1983,https://boxd.it/5gSC
2025-07-29,I Lost My Body,2019,https://boxd.it/lAYs
2025-07-30,A Moment to Remember,2004,https://boxd.it/1LmO
2025-07-30,Fishmans: Otokotachi no Wakare 98.12.28 @ Akasaka Blitz,2005,https://boxd.it/d5GQ
2025-07-31,"Sorry, Baby",2025,https://boxd.it/JKNi
2025-08-01,Kung Fu Hustle,2004,https://boxd.it/1YBi
2025-08-01,Junoon,1978,https://boxd.it/5lfU
2025-08-01,Seven Years in Tibet,1997,https://boxd.it/29aC
2025-08-02,Split,2016,https://boxd.it/dgSy
2025-08-02,Tamas,1988,https://boxd.it/3ofE
2025-08-03,Robin Williams: An Evening at the Met,1986,https://boxd.it/1BFc
2025-08-03,Friday Night,2002,https://boxd.it/QtS
2025-08-03,Madeline's Madeline,2018,https://boxd.it/gNmw
2025-08-03,Angels in America,2003,https://boxd.it/1yug
2025-08-03,Hill of Freedom,2014,https://boxd.it/8MSU
2025-08-03,Ghost Tropic,2019,https://boxd.it/m0eg
2025-08-03,"Hale County This Morning, This Evening",2018,https://boxd.it/hG2G
2025-08-03,Rocks,2019,https://boxd.it/l8Qg
2025-08-03,"Police, Adjective",2009,https://boxd.it/1h38
2025-08-03,Wajib,2017,https://boxd.it/gJDe
2025-08-03,Tropical Malady,2004,https://boxd.it/1TCA
2025-08-03,Anchor and Hope,2017,https://boxd.it/fOe2
2025-08-03,Driveways,2019,https://boxd.it/kRBy
2025-08-03,The Gaze,2021,https://boxd.it/veb4
2025-08-03,Bright Star,2009,https://boxd.it/1mfI
2025-08-03,Please Baby Please,2022,https://boxd.it/qiJE
2025-08-03,Never Die Alone,2004,https://boxd.it/1DJK
2025-08-03,"Master, a Building in Copacabana",2002,https://boxd.it/gJK
2025-08-03,Lingua Franca,2019,https://boxd.it/lrp4
2025-08-03,37 Seconds,2019,https://boxd.it/kWb6
2025-08-03,Morvern Callar,2002,https://boxd.it/1GDU
2025-08-03,Maléfique,2002,https://boxd.it/O84
2025-08-03,Queen of Hearts,2019,https://boxd.it/iQ8Q
2025-08-03,The Strange Case of Angelica,2010,https://boxd.it/wCU
2025-08-03,The Painted Veil,2006,https://boxd.it/1OyS
2025-08-03,Merata: How Mum Decolonised the Screen,2018,https://boxd.it/jm8I
2025-08-03,Take This Waltz,2011,https://boxd.it/34vW
2025-08-03,Diggers,2006,https://boxd.it/1IFS
2025-08-03,How to Build a Time Machine,2016,https://boxd.it/8eN2
2025-08-03,Shortbus,2006,https://boxd.it/28So
2025-08-03,Postcard From Earth,2023,https://boxd.it/J6zq
2025-08-03,Doggiewoggiez! Poochiewoochiez!,2012,https://boxd.it/3n0y
2025-08-03,Manas,2024,https://boxd.it/LPz0
2025-08-03,The Confined,1993,https://boxd.it/1mIg
2025-08-03,Still Life,2006,https://boxd.it/26Tk
2025-08-03,Tetsuo: The Iron Man,1989,https://boxd.it/ZoM
2025-08-03,Juliet of the Spirits,1965,https://boxd.it/1FF6
2025-08-03,Eyes Wide Shut,1999,https://boxd.it/2axs
2025-08-03,8½,1963,https://boxd.it/2aqm
2025-08-03,Bergman Island,2021,https://boxd.it/h86E
2025-08-04,The Tragedy of Macbeth,2021,https://boxd.it/lMi4
2025-08-04,Tees,2024,https://boxd.it/F6Sk
2025-08-06,Hal & Harper,2025,https://boxd.it/SQRe
2025-08-08,Red Rooms,2023,https://boxd.it/ym4c
2025-08-10,Rajnigandha,1974,https://boxd.it/3ElS
2025-08-11,Mohan Joshi Hazir Ho!,1984,https://boxd.it/bbYC
2025-08-13,Lucy,2014,https://boxd.it/75hu
2025-08-15,Dinner in America,2020,https://boxd.it/oinu
2025-08-15,The Iron Claw,2023,https://boxd.it/w5Pm
2025-08-15,Elizabeth,1998,https://boxd.it/24cS
2025-08-15,Adrift in Tokyo,2007,https://boxd.it/1NVm
2025-08-17,Stoker,2013,https://boxd.it/34S2
2025-08-17,Bandit Queen,1994,https://boxd.it/1NoC
2025-08-18,Sonchiriya,2019,https://boxd.it/jtPE
2025-08-24,I Was a Simple Man,2021,https://boxd.it/nrtO
2025-08-24,And While We Were Here,2012,https://boxd.it/4uea
2025-08-25,Eureka,2000,https://boxd.it/16TC
2025-08-25,The Room,2003,https://boxd.it/1ICY
2025-08-29,[REC],2007,https://boxd.it/20ma
2025-08-31,Strayed,2003,https://boxd.it/16XO
2025-08-31,Apocalypse Now,1979,https://boxd.it/6ZS
2025-08-31,A Big Bold Beautiful Journey,2025,https://boxd.it/Lcle
2025-08-31,Turnstile: Never Enough,2025,https://boxd.it/URsy
2025-08-31,The Company of Strangers,1990,https://boxd.it/44PO
2025-09-01,The Visit,2015,https://boxd.it/9ssO
2025-09-02,Fantastic Planet,1973,https://boxd.it/1KnQ
2025-09-02,Belladonna of Sadness,1973,https://boxd.it/2q
2025-09-02,Waking Life,2001,https://boxd.it/1Zdc
2025-09-02,Mind Game,2004,https://boxd.it/1Bv2
2025-09-02,Persepolis,2007,https://boxd.it/27DC
2025-09-02,The Cremator,1969,https://boxd.it/1H8y
2025-09-02,Santosh,2024,https://boxd.it/KRli
2025-09-02,Leto,2018,https://boxd.it/i9Tu
2025-09-02,We Need to Talk About Kevin,2011,https://boxd.it/2pTS
2025-09-02,Anywhere but Here,1999,https://boxd.it/1C3o
2025-09-03,Mouse,2021,https://boxd.it/w9yu
2025-09-04,Videodrome,1983,https://boxd.it/29uC
2025-09-04,The Wild One,1953,https://boxd.it/1p0G
2025-09-06,Christy,2025,https://boxd.it/N6Ye
2025-09-06,Crescent Night,2022,https://boxd.it/yOfM
2025-09-08,Hawaizaada,2015,https://boxd.it/ai82
2025-09-09,Maidaan,2024,https://boxd.it/oSFO
2025-09-09,Haraamkhor,2015,https://boxd.it/a8CQ
2025-09-09,Manorama Six Feet Under,2007,https://boxd.it/Ngc
2025-09-09,Michael Clayton,2007,https://boxd.it/2466
2025-09-09,Nine Days,2020,https://boxd.it/mqL6
2025-09-10,Man of La Mancha,1972,https://boxd.it/OGU
2025-09-11,The Death of Stalin,2017,https://boxd.it/ea9Y
2025-09-11,Towelhead,2007,https://boxd.it/1WRI
2025-09-11,Kin-dza-dza!,1986,https://boxd.it/1CMS
2025-09-11,Devil On My Doorstep,2023,https://boxd.it/IWna
2025-09-11,Departures,2008,https://boxd.it/1JFa
2025-09-11,Rounders,1998,https://boxd.it/1WMS
2025-09-11,Working Girls,2025,https://boxd.it/WtTE
2025-09-12,The Girl with Red Shoes,2003,https://boxd.it/yAG0
2025-09-14,Khoya Khoya Chand,2007,https://boxd.it/NcY
2025-09-17,Bawarchi,1972,https://boxd.it/g98
2025-09-18,Takopi's Original Sin,2025,https://boxd.it/Wduo
2025-09-19,Kalpana,1948,https://boxd.it/5rPE
2025-09-20,The Cranes Are Flying,1957,https://boxd.it/169Y
2025-09-20,Sentimental Value,2025,https://boxd.it/GwcG
2025-09-20,Mr. Robot_dec0d3d.doc,2016,https://boxd.it/SFZw
2025-09-22,Agony: The Life and Death of Rasputin,1981,https://boxd.it/XE4
2025-09-23,Our Movie,2025,https://boxd.it/WtrA
2025-09-24,Aakrosh,1980,https://boxd.it/5Kzg
2025-09-25,The Smashing Machine,2025,https://boxd.it/syUC
2025-09-25,Hamnet,2025,https://boxd.it/woVy
2025-09-25,Nuremberg,2025,https://boxd.it/K6qU
2025-09-25,Killer of Sheep,1978,https://boxd.it/1rPc
2025-09-25,91 Days,2016,https://boxd.it/pLDI
2025-09-26,The Map of Tiny Perfect Things,2021,https://boxd.it/p3O8
2025-09-27,The Isle,2000,https://boxd.it/1ZZ6
2025-09-29,Biutiful,2010,https://boxd.it/OiI
2025-09-29,Frankenstein,2025,https://boxd.it/Ecsg
2025-09-29,Hunger,2008,https://boxd.it/1Wso
2025-10-02,I Want to Eat Your Pancreas,2018,https://boxd.it/ie6C
2025-10-02,Sexy Beast,2000,https://boxd.it/1SZS
2025-10-05,"Batman: The Dark Knight Returns, Part 1",2012,https://boxd.it/43Is
2025-10-06,Tune in for Love,2019,https://boxd.it/kVUO
2025-10-07,Touch of Evil,1958,https://boxd.it/28II
2025-10-07,The Night of the Hunter,1955,https://boxd.it/25HW
2025-10-08,Steve,2025,https://boxd.it/LekC
2025-10-08,Good Boy,2025,https://boxd.it/SC0q
2025-10-10,Weapons,2025,https://boxd.it/EMTM
2025-10-10,Satoshi Kon: The Illusionist,2021,https://boxd.it/uu4Q
2025-10-13,Aghaat,1985,https://boxd.it/2SNE
2025-10-13,Come See Me in the Good Light,2025,https://boxd.it/RSFC
2025-10-15,Shaayad,1979,https://boxd.it/mTXK
2025-10-15,Suman,1970,https://boxd.it/PTFa
2025-10-15,Roofman,2025,https://boxd.it/LcIW
2025-10-17,My Night at Maud's,1969,https://boxd.it/Hwo
2025-10-17,Boyfriends and Girlfriends,1987,https://boxd.it/14C
2025-10-17,Four Adventures of Reinette and Mirabelle,1987,https://boxd.it/18QA
2025-10-18,Piya Ka Ghar,1972,https://boxd.it/es6I
2025-10-18,One Day,2024,https://boxd.it/L1ZM
2025-10-18,Two Acres of Land,1953,https://boxd.it/uuE
2025-10-18,Sujata,1959,https://boxd.it/2TDK
2025-10-18,World of Tomorrow,2015,https://boxd.it/9Gr6
2025-10-18,Inside Out 2,2024,https://boxd.it/CFrC
2025-10-18,Tropic Thunder,2008,https://boxd.it/20WM
2025-10-19,I Am Not Your Negro,2016,https://boxd.it/etXy
2025-10-19,Lumumba,2000,https://boxd.it/ryI
2025-10-19,The Young Karl Marx,2017,https://boxd.it/e1qc
2025-10-19,Exterminate All the Brutes,2021,https://boxd.it/uy12
2025-10-20,The Substance,2024,https://boxd.it/zanS
2025-10-21,Almost Famous,2000,https://boxd.it/29CQ
2025-10-21,Frieren: Beyond Journey's End,2023,https://boxd.it/MbNo
2025-10-23,"SING ""YESTERDAY"" FOR ME",2020,https://boxd.it/qTlO
2025-10-23,Blindspotting,2018,https://boxd.it/hDMw
2025-10-23,Her Blue Sky,2019,https://boxd.it/mJKG
2025-10-23,Blue Spring Ride,2014,https://boxd.it/qkl0
2025-10-23,Along for the Ride,2022,https://boxd.it/tfIO
2025-10-23,Sunshine,2007,https://boxd.it/28Xy
2025-10-23,The Green Ray,1986,https://boxd.it/t8W
2025-10-23,Summer of '42,1971,https://boxd.it/ZyM
2025-10-23,The Four Times,2010,https://boxd.it/mPa
2025-10-23,In the Name of the Father,1993,https://boxd.it/20I6
2025-10-25,Blue Moon,2025,https://boxd.it/Nzwy
2025-10-26,Stuart: A Life Backwards,2007,https://boxd.it/EAM
2025-10-27,The Goonies,1985,https://boxd.it/1YVC
2025-10-27,Mamma Mia!,2008,https://boxd.it/1Tnq
2025-10-27,The Life List,2025,https://boxd.it/LN3c
2025-10-29,Funny Games,1997,https://boxd.it/1WKM
2025-10-30,Capernaum,2018,https://boxd.it/iM3s
2025-10-31,The Trials of Gabriel Fernandez,2020,https://boxd.it/pigU
2025-10-31,The Fountainhead,1949,https://boxd.it/1xgW
2025-11-01,The Little Rascals,1994,https://boxd.it/1V8i
2025-11-01,Small Things Like These,2024,https://boxd.it/FHIm
2025-11-01,Belfast,2021,https://boxd.it/tefG
2025-11-01,Philomena,2013,https://boxd.it/69OA
2025-11-01,Humans in the Loop,2024,https://boxd.it/QZzE
2025-11-01,R-Point,2004,https://boxd.it/1KJM
2025-11-05,Charly,1968,https://boxd.it/1o6e
2025-11-08,Hot Milk,2025,https://boxd.it/zbyi
2025-11-09,Michael,2026,https://boxd.it/zi5M
2025-11-11,Reservoir Dogs,1991,https://boxd.it/fL8A
2025-11-11,The Secret Agent,2025,https://boxd.it/KkUE
2025-11-11,Yojimbo,1961,https://boxd.it/1SRY
2025-11-12,The Devil All the Time,2020,https://boxd.it/i2tY
2025-11-12,The Voice of Hind Rajab,2025,https://boxd.it/UXdO
2025-11-12,That Thing You Do!,1996,https://boxd.it/1Yig
2025-11-14,Life Itself,2018,https://boxd.it/fUda
2025-11-14,Crayon Shin-chan: Fierceness That Invites Storm! The Battle of the Warring States,2002,https://boxd.it/3Tpg
2025-11-15,The Sympathizer,2024,https://boxd.it/G4lK
2025-11-16,The Way of the Wind,,https://boxd.it/mqE0
2025-11-18,While We Watched,2022,https://boxd.it/Cp0A
2025-11-18,Blackmail,2018,https://boxd.it/ixLE
2025-11-18,Jealousy,2013,https://boxd.it/6rpe
2025-11-18,Arco,2025,https://boxd.it/uh7C
2025-11-18,Funan,2018,https://boxd.it/iFQM
2025-11-18,Regular Lovers,2005,https://boxd.it/QhM
2025-11-18,A Sad and Beautiful World,2025,https://boxd.it/R0hQ
2025-11-18,Europa Europa,1990,https://boxd.it/1ZpW
2025-11-19,Léon: The Professional,1994,https://boxd.it/2b8S
2025-11-19,Mr. Scorsese,2025,https://boxd.it/XG7K
2025-11-20,The Big Short,2015,https://boxd.it/ajZw
2025-11-23,The Promised Land,2023,https://boxd.it/B1hA
2025-11-23,The Promised Land,1975,https://boxd.it/2aeq
2025-11-23,I Fell in Love with a Z-Grade Director in Brooklyn,2025,https://boxd.it/UZGS
2025-11-23,Letters from Iwo Jima,2006,https://boxd.it/290C
2025-11-23,Mickey 17,2025,https://boxd.it/q1Dk
2025-11-23,Beau Is Afraid,2023,https://boxd.it/u2gE
2025-11-23,The Passion of the Christ,2004,https://boxd.it/29ZK
2025-11-23,Ramji Rao Speaking,1989,https://boxd.it/4Lem
2025-11-23,Thirteen,2003,https://boxd.it/1UPK
2025-11-24,Natsamrat,2016,https://boxd.it/d9wA
2025-11-24,Tokyo!,2008,https://boxd.it/1ZxG
2025-11-24,The Song of Sparrows,2008,https://boxd.it/uJY
2025-11-25,If I Had Legs I'd Kick You,2025,https://boxd.it/HUtS
2025-11-26,Satyakam,1969,https://boxd.it/HgK
2025-11-26,Ardh Satya,1983,https://boxd.it/3vQi
2025-11-27,The Exterminating Angel,1962,https://boxd.it/1nRS
2025-11-27,Un Chien Andalou,1929,https://boxd.it/29Y8
2025-11-27,The Young and the Damned,1950,https://boxd.it/29AA
2025-11-27,Viridiana,1961,https://boxd.it/24eE
2025-11-27,That Obscure Object of Desire,1977,https://boxd.it/22zg
2025-11-27,2000 Meters to Andriivka,2025,https://boxd.it/RSH4
2025-11-27,20 Days in Mariupol,2023,https://boxd.it/E32S
2025-11-28,Soft & Quiet,2022,https://boxd.it/zd2o
2025-11-30,The Devil Smokes (and Saves the Burnt Matches in the Same Box),2025,https://boxd.it/PIwQ
2025-11-30,Cactus Pears,2025,https://boxd.it/NaeE
2025-11-30,Wake Up Dead Man,2025,https://boxd.it/uAKS
2025-12-02,Sister Midnight,2024,https://boxd.it/MBDY
2025-12-02,Monsieur Hulot's Holiday,1953,https://boxd.it/29E8
2025-12-02,Clerks,1994,https://boxd.it/2706
2025-12-02,Don't Look Up,2021,https://boxd.it/o0Hc
2025-12-03,The Things You Kill,2025,https://boxd.it/BQC0
2025-12-03,My Mister,2018,https://boxd.it/ui5s
2025-12-03,Óbur,2024,https://boxd.it/MHtU
2025-12-03,Jal Tu Jalaal Tu,2024,https://boxd.it/MDem
2025-12-04,Never Let Me Go,2010,https://boxd.it/Xw0
2025-12-05,Bring Her Back,2025,https://boxd.it/Hxlc
2025-12-06,Bab'Aziz,2005,https://boxd.it/Ouk
2025-12-06,Shaun of the Dead,2004,https://boxd.it/29J8
2025-12-06,Friends with Benefits,2011,https://boxd.it/DoK
2025-12-06,RK/RKAY,2021,https://boxd.it/qVcE
2025-12-06,Chittagong,2012,https://boxd.it/3Gk8
2025-12-07,Lipstick Under My Burkha,2017,https://boxd.it/eLT0
2025-12-08,"Norte, the End of History",2013,https://boxd.it/5FkU
2025-12-08,The Rules of Attraction,2002,https://boxd.it/286Y
2025-12-08,April May '99,2025,https://boxd.it/Vbgs
2025-12-09,Aamis,2019,https://boxd.it/kTVA
2025-12-10,Idiocracy,2006,https://boxd.it/20RW
2025-12-10,The Ugly Stepsister,2025,https://boxd.it/MZBM
2025-12-10,The Panic in Needle Park,1971,https://boxd.it/1rwu
2025-12-12,Nouvelle Vague,2025,https://boxd.it/LLLQ
2025-12-12,Sound of Falling,2025,https://boxd.it/Km9K
2025-12-13,License to Live,1998,https://boxd.it/IGY
2025-12-13,The Mastermind,2025,https://boxd.it/Q7ge
2025-12-13,A Sisyphean Task,2025,https://boxd.it/XIoI
2025-12-14,The Blood of a Poet,1932,https://boxd.it/19Bw
2025-12-14,Orpheus,1950,https://boxd.it/247o
2025-12-17,Cinderella Man,2005,https://boxd.it/29he
2025-12-17,Stronger,2017,https://boxd.it/dRqQ
2025-12-17,The Roses,2025,https://boxd.it/MjnI
2025-12-18,Babel,2006,https://boxd.it/292o
2025-12-19,Where the Crawdads Sing,2022,https://boxd.it/psLS
2025-12-19,Colorful,2010,https://boxd.it/4UG
2025-12-20,Brooklyn,2015,https://boxd.it/5bdk
2025-12-21,Big Fish,2003,https://boxd.it/2a3M
2025-12-21,The Young Girls of Rochefort,1967,https://boxd.it/26K8
2025-12-22,Nickel Boys,2024,https://boxd.it/CStQ
2025-12-22,Ways of Seeing,1972,https://boxd.it/qPO8
2025-12-24,The Burmese Harp,1956,https://boxd.it/1fKa
2025-12-25,Super Happy Forever,2024,https://boxd.it/NpKg
2025-12-26,Blue Giant,2023,https://boxd.it/xwJW
2025-12-27,Look Back,2026,https://boxd.it/ZjRY
2025-12-28,Kaagaz Ke Phool,1959,https://boxd.it/vLG
2025-12-30,All That's Left of You,2025,https://boxd.it/KiU8
2025-12-31,Summer Time Rendering,2022,https://boxd.it/D1m0
2026-01-01,The Fable,2024,https://boxd.it/KU74
2026-01-01,The Mehta Boys,2024,https://boxd.it/M7sQ
2026-01-01,At Least We Had This Moment,2025,https://boxd.it/S6K2
2026-01-01,Nodidavaru Enanthare,2025,https://boxd.it/RQVy
2026-01-01,Little Amélie or the Character of Rain,2025,https://boxd.it/prg0
2026-01-01,Sore: A Wife from the Future,2025,https://boxd.it/RjY0
2026-01-01,Broker,2022,https://boxd.it/rDUU
2026-01-02,It Ends,2025,https://boxd.it/SBUi
2026-01-02,Last Year at Marienbad,1961,https://boxd.it/24Qe
2026-01-03,"His Motorbike, Her Island",1986,https://boxd.it/9uk8
2026-01-03,Canola,2016,https://boxd.it/dx9K
2026-01-03,Silvia Prieto,1999,https://boxd.it/EI2
2026-01-03,Invasion,1969,https://boxd.it/56aU
2026-01-03,Amarcord,1973,https://boxd.it/20NA
2026-01-04,Cronos,1992,https://boxd.it/1TjS
2026-01-04,Motherhood,2026,https://boxd.it/ZVLO
2026-01-05,High Hopes,1988,https://boxd.it/JGg
2026-01-05,Kubi,2023,https://boxd.it/tUpy
2026-01-05,Sonatine,1993,https://boxd.it/20TI
2026-01-05,9 Souls,2003,https://boxd.it/1Jqk
2026-01-05,"Toh, Ti Ani Fuji",2026,https://boxd.it/ZVLY
2026-01-05,Pusher,1996,https://boxd.it/27wG
2026-01-05,The Gentlemen,2019,https://boxd.it/iYBQ
2026-01-05,"Lock, Stock and Two Smoking Barrels",1998,https://boxd.it/2b92
2026-01-06,Agraharathil Kazhutai,1977,https://boxd.it/7xXe
2026-01-06,Mouchette,1967,https://boxd.it/28Bs
2026-01-07,Mississippi Masala,1991,https://boxd.it/Ywg
2026-01-07,Bicentennial Man,1999,https://boxd.it/2722
2026-01-07,Pleasantville,1998,https://boxd.it/26uY
2026-01-08,The Secret in Their Eyes,2009,https://boxd.it/1vWw
2026-01-08,Daddy Longlegs,2009,https://boxd.it/kNQ
2026-01-08,Question & Answer,2020,https://boxd.it/w7cG
2026-01-08,Hope,,https://boxd.it/TEqM
2026-01-08,The Death of Robin Hood,2026,https://boxd.it/N08c
2026-01-08,Eddington,2025,https://boxd.it/o6MC
2026-01-08,Raising Arizona,1987,https://boxd.it/2avQ
2026-01-08,Our Unwritten Seoul,2025,https://boxd.it/W1vk
2026-01-08,Riverside Mukolitta,2021,https://boxd.it/s7ok
2026-01-08,This Is Not A Love Letter,2020,https://boxd.it/sphG
2026-01-08,"When Morning Comes, I Feel Empty",2022,https://boxd.it/EA72
2026-01-08,Our Home,2019,https://boxd.it/zntY
2026-01-08,Meiyazhagan,2024,https://boxd.it/GYue
2026-01-08,Sprout,2013,https://boxd.it/f1J6
2026-01-08,The Booth,2019,https://boxd.it/nA4I
2026-01-08,Father and Daughter,2000,https://boxd.it/I2k
2026-01-08,Rent-a-Cat,2012,https://boxd.it/3S5O
2026-01-08,My First Summer,2020,https://boxd.it/rOjg
2026-01-08,Secret of a Mountain Serpent,2025,https://boxd.it/W9I2
2026-01-08,Syndromes and a Century,2006,https://boxd.it/1qHQ
2026-01-08,Now Showing,2008,https://boxd.it/4J4u
2026-01-08,Roadgames,1981,https://boxd.it/VjI
2026-01-08,Dance Chromatic,1959,https://boxd.it/ayXK
2026-01-08,Rivers and Tides,2001,https://boxd.it/1lSO
2026-01-08,The Annihilation of Fish,1999,https://boxd.it/FaU
2026-01-08,Empire of Passion,1978,https://boxd.it/GSS
2026-01-08,New York Film Diary,1995,https://boxd.it/h3Wq
2026-01-08,"Five Year Diary, Reel 31: Niagara Falls (August 19–28, 1983)",1983,https://boxd.it/jP38
2026-01-09,Dead Man's Shoes,2004,https://boxd.it/1R6C
2026-01-09,Vaazhai,2024,https://boxd.it/DNee
2026-01-10,Madame,1988,https://boxd.it/72Is
2026-01-10,Tomboy,2011,https://boxd.it/49U
2026-01-11,The Outsiders,1983,https://boxd.it/2aPw
2026-01-11,The Fugitive,1993,https://boxd.it/230G
2026-01-11,Blade of the Immortal,2019,https://boxd.it/ulQG
2026-01-11,The Red Balloon,1956,https://boxd.it/1Mxo
2026-01-11,April Story,1998,https://boxd.it/2n9o
2026-01-11,Coffee and Cigarettes,2003,https://boxd.it/29nc
2026-01-11,Oki's Movie,2010,https://boxd.it/33Ac
2026-01-11,So Far from India,1983,https://boxd.it/4nYg
2026-01-12,Kaakan,2015,https://boxd.it/io8S
2026-01-13,A Tale of Two Sisters,2003,https://boxd.it/248m
2026-01-14,The Summer of Sangaile,2015,https://boxd.it/9Y74
2026-01-20,Eko,2025,https://boxd.it/EuuY
2026-01-21,Universal Language,2024,https://boxd.it/BlwA
2026-01-21,The Girl Who Picks Flowers and the Girl Who Kills Insects,2000,https://boxd.it/6D2G
2026-01-27,Dithee,2019,https://boxd.it/oHbe
2026-01-27,Heaven's Story,2010,https://boxd.it/4toe
2026-01-27,"Mami, La Moula",2020,https://boxd.it/sQQ4
2026-01-29,Tokyo Heaven,1990,https://boxd.it/3Rbm
2026-01-29,Once Upon a Village,2020,https://boxd.it/rJ88
2026-01-31,3:10 to Yuma,2007,https://boxd.it/23g0
2026-01-31,Gasman,1998,https://boxd.it/FWO
2026-01-31,Winter in Sokcho,2024,https://boxd.it/BPZC
2026-02-01,100 METERS,2025,https://boxd.it/NpbA
2026-02-02,Lessons of Darkness,1992,https://boxd.it/x7I
2026-02-02,Peppermint Soda,1977,https://boxd.it/2NiG
2026-02-05,Devi,1960,https://boxd.it/Vt4
2026-02-07,Monday,2000,https://boxd.it/1aZO
2026-02-07,They Shall Not Grow Old,2018,https://boxd.it/jP62
2026-02-08,Under the Tuscan Sun,2003,https://boxd.it/1V2u
2026-02-10,Beyond Evil,2021,https://boxd.it/uVPE
2026-02-10,Napoleon Dynamite,2004,https://boxd.it/20wu
2026-02-14,Primer,2004,https://boxd.it/6YA
2026-02-14,Coherence,2013,https://boxd.it/6xza
2026-02-14,Scavengers Reign,2023,https://boxd.it/K7fI
2026-02-16,Rental Family,2025,https://boxd.it/JQOw
2026-02-16,Wuthering Heights,1988,https://boxd.it/5nr4
2026-02-17,Fandry,2013,https://boxd.it/6NLQ
2026-02-17,Die Tomorrow,2017,https://boxd.it/hAJu
2026-02-18,Scarlet,2025,https://boxd.it/S6iW
2026-02-18,"LSD: Love, Sex aur Dhokha",2010,https://boxd.it/1c6c
2026-02-18,Detective Byomkesh Bakshy!,2015,https://boxd.it/anzM
2026-02-19,Two Prosecutors,2025,https://boxd.it/LTvG
2026-02-20,Like Someone in Love,2012,https://boxd.it/3tOu
2026-02-20,"First Case, Second Case",1979,https://boxd.it/8Wqc
2026-02-21,Taking the Horse to Eat Jalebis,2018,https://boxd.it/kp1i
2026-02-21,The Gold-Laden Sheep and The Sacred Mountain,2018,https://boxd.it/kp18
2026-02-21,Little Trouble Girls,2025,https://boxd.it/CyMy
2026-02-21,125 hectares,2019,https://boxd.it/GoFU
2026-02-25,"Good Luck, Have Fun, Don't Die",2025,https://boxd.it/Glua
2026-02-28,A Certain Kind of Death,2003,https://boxd.it/Qjo
2026-03-02,By the Stream,2024,https://boxd.it/Obv4
2026-03-02,Billy Elliot,2000,https://boxd.it/2bdy
2026-03-07,The Arbor,2010,https://boxd.it/isQ
2026-03-07,Man Push Cart,2005,https://boxd.it/22HE
2026-03-07,I Know Where I'm Going!,1945,https://boxd.it/pQU
2026-03-07,Natrang,2010,https://boxd.it/4XOc
2026-03-08,Jogwa - The Awakening,2009,https://boxd.it/FVQ
2026-03-08,Ti Saddhya Kay Karte,2017,https://boxd.it/kG9y
2026-03-09,Shala,2011,https://boxd.it/3boy
2026-03-09,Blue Moon,1997,https://boxd.it/bZzM
2026-03-09,Maareesan,2025,https://boxd.it/CEwQ
2026-03-09,Laalo: Krishna Sada Sahaayate,2025,https://boxd.it/Yrhs
2026-03-09,Boogie Nights,1997,https://boxd.it/23um
2026-03-09,The Outrun,2024,https://boxd.it/txPo
2026-03-11,A Poet,2025,https://boxd.it/UkD4
2026-03-14,Abhimaan,1973,https://boxd.it/2Ajm
2026-03-15,Witness for the Prosecution,1957,https://boxd.it/18H4
2026-03-16,Kamikaze Girls,2004,https://boxd.it/1ucC
2026-03-20,Philadelphia,1993,https://boxd.it/1XMk
2026-03-21,The Untouchables,1987,https://boxd.it/2b6i
2026-03-22,Cry to Heaven,,https://boxd.it/Sk0M
2026-03-22,Old Enough,1984,https://boxd.it/3x8W
2026-03-24,Encounters at the End of the World,2007,https://boxd.it/1SmQ
2026-03-29,Mausam,1975,https://boxd.it/3Dk0
2026-03-29,Amar Prem,1972,https://boxd.it/1ngW
2026-03-29,Fjord,2026,https://boxd.it/RVja
2026-03-29,Wild Horse Nine,2026,https://boxd.it/xG0M
2026-03-30,Butterfly,2024,https://boxd.it/KQGE
2026-03-30,The Sixth Sense,1999,https://boxd.it/29Js
2026-04-01,Confessions,2010,https://boxd.it/uRS
2026-04-04,Butch Cassidy and the Sundance Kid,1969,https://boxd.it/29Vy
2026-04-04,Witness,1985,https://boxd.it/1Z4O
2026-04-04,Passing,2025,https://boxd.it/ZnHo
2026-04-05,Kingdom of Heaven,2005,https://boxd.it/28Gs
2026-04-07,The Kingdom of Diamonds,1980,https://boxd.it/6cd8
2026-04-07,The Last Detail,1973,https://boxd.it/1Nbe
2026-04-08,Il Divo,2008,https://boxd.it/1ZNE
2026-04-08,Puzzle,2018,https://boxd.it/hLz6
2026-04-08,In Which Annie Gives It Those Ones,1989,https://boxd.it/cCoe
2026-04-08,Absolutely,2021,https://boxd.it/XM14
2026-04-09,Gair Qanooni Kashmakash,2024,https://boxd.it/K90g
2026-04-09,Prayers for the Stolen,2021,https://boxd.it/oZhu
2026-04-09,Kaguya-sama: Love Is War -The First Kiss That Never Ends-,2022,https://boxd.it/BHsq
2026-04-10,Love in the Time of Malaria,1992,https://boxd.it/7Caw
2026-04-10,Death of a Doctor,1990,https://boxd.it/6kdg
2026-04-11,Blessings,2025,https://boxd.it/UqHm
2026-04-11,Beyond the Infinite Two Minutes,2020,https://boxd.it/ujVk
2026-04-11,Turtles Can Fly,2004,https://boxd.it/20l2
2026-04-11,Wavelength,1967,https://boxd.it/37ZA
2026-04-11,Gertrud,1964,https://boxd.it/1ec2
2026-04-14,The Young Pope,2016,https://boxd.it/g3y2
2026-04-14,The Seed of the Sacred Fig,2024,https://boxd.it/MKo4
2026-04-14,Wag the Dog,1997,https://boxd.it/2a3W
2026-04-15,Palestine 36,2025,https://boxd.it/T09w
2026-04-16,Scarface,1983,https://boxd.it/2b7g
2026-04-16,Bruce Almighty,2003,https://boxd.it/2aCC
2026-04-16,Naseem,1995,https://boxd.it/3Eys
2026-04-17,The Moment,2026,https://boxd.it/SCkg
2026-04-18,Left-Handed Girl,2025,https://boxd.it/BLDW
2026-04-18,Adoption,1975,https://boxd.it/d4Y
2026-04-20,One Day Before the Rainy Season,1971,https://boxd.it/7SqA
2026-04-20,One Fine Morning,2022,https://boxd.it/s4Ta
2026-04-21,The Midnight Gospel,2020,https://boxd.it/xlUa
2026-04-21,Luck by Chance,2009,https://boxd.it/1Kja
2026-04-22,Barbara,2012,https://boxd.it/37XY
2026-04-23,Cave of Forgotten Dreams,2010,https://boxd.it/hWK
2026-04-24,Crashing,2016,https://boxd.it/ndN6
2026-04-28,My Left Foot: The Story of Christy Brown,1989,https://boxd.it/1WW4
2026-04-28,Remember the Night,1940,https://boxd.it/1n50
2026-04-28,I Killed My Mother,2009,https://boxd.it/1ubO
2026-04-30,Athena,2022,https://boxd.it/waii
2026-05-01,Honey and Clover,2006,https://boxd.it/2o1A
2026-05-01,Premalu,2024,https://boxd.it/HuK4
2026-05-02,Marie Antoinette,2006,https://boxd.it/27Wa
2026-05-02,Blue Heron,2025,https://boxd.it/IWJq
2026-05-03,Digger,2026,https://boxd.it/LwDC
2026-05-08,The Time That Remains,2009,https://boxd.it/QP0
2026-05-09,Kinds of Kindness,2024,https://boxd.it/CWPw
2026-05-11,Kakushigoto,2020,https://boxd.it/qCrg
2026-05-12,Naal,2018,https://boxd.it/kAJg
2026-05-12,Le Trou,1960,https://boxd.it/1nSw
2026-05-14,Mile End Kicks,2025,https://boxd.it/IFxC
2026-05-14,The Sheep Detectives,2026,https://boxd.it/NDSe
2026-05-14,The Wages of Fear,1953,https://boxd.it/2aSK
2026-05-14,Sorcerer,1977,https://boxd.it/14J6
2026-05-14,Shwaas,2004,https://boxd.it/3SVK
2026-05-14,Teenage Sex and Death at Camp Miasma,2026,https://boxd.it/L9GS
2026-05-15,You Can Count on Me,2000,https://boxd.it/1Omi
2026-05-15,Brainstorm,1983,https://boxd.it/1MUW
2026-05-15,All You Need Is Kill,2025,https://boxd.it/T14W
2026-05-16,Hill of No Return,1992,https://boxd.it/5q30
2026-05-16,Crystal,1988,https://boxd.it/mWvO
2026-05-16,Puella Magi Madoka Magica the Movie Part III: Rebellion,2013,https://boxd.it/6kx6
2026-05-16,Parallel Tales,2026,https://boxd.it/HOdk
2026-05-17,Diabolique,1955,https://boxd.it/29we
2026-05-17,All of a Sudden,2026,https://boxd.it/UMOO
2026-05-17,Hope,2026,https://boxd.it/E3vU
2026-05-17,Fatherland,2026,https://boxd.it/TbK4
2026-05-17,Minotaur,2026,https://boxd.it/w1Nc
2026-05-17,Butterfly Jam,2026,https://boxd.it/yGgi
2026-05-17,Coward,2026,https://boxd.it/TcSy
2026-05-17,The Unknown,2026,https://boxd.it/IR98
2026-05-17,I'm Not An Actor,2025,https://boxd.it/SJ1q
2026-05-17,The Color of Money,1986,https://boxd.it/1SSM
2026-05-17,In Our Day,2023,https://boxd.it/Gaj6
2026-05-17,Sheep in the Box,2026,https://boxd.it/XV3y
2026-05-17,Compartment No. 6,2021,https://boxd.it/lEty
2026-05-21,Desert of Namibia,2024,https://boxd.it/MBDu
2026-05-21,Stolen Kingdom,2025,https://boxd.it/Di3O
2026-05-23,Tony,2026,https://boxd.it/OJaa
2026-05-23,La Bola Negra,2026,https://boxd.it/SDaQ
2026-05-24,Crime 101,2026,https://boxd.it/IoGs
2026-05-27,You Were Never Really Here,2017,https://boxd.it/dWOS
2026-05-27,Tuner,2025,https://boxd.it/POtS
2026-05-28,Maquia: When the Promised Flower Blooms,2018,https://boxd.it/h6bM
2026-05-28,The Disastrous Life of Saiki K.: Reawakened,2019,https://boxd.it/xmd2
2026-05-28,Mass,2021,https://boxd.it/eYAA
2026-05-29,Teesri Kasam,1966,https://boxd.it/7B30
2026-05-29,Hope,2013,https://boxd.it/7x5Q
2026-05-30,Lavender,2000,https://boxd.it/7y6A
2026-05-31,Twinkling Watermelon,2023,https://boxd.it/JIm0
2026-06-03,Labyrinth Ion,2022,https://boxd.it/AXOA
2026-06-05,"Gorillaz Present: The Mountain, The Moon Cave and The Sad God",2026,https://boxd.it/1158k
2026-06-08,Swallowtail Butterfly,1996,https://boxd.it/20b2
2026-06-08,Nagi Notes,2026,https://boxd.it/TCSY
2026-06-08,Chameli,2003,https://boxd.it/1gai
2026-06-08,Despite the Night,2015,https://boxd.it/aPmQ
2026-06-08,Humanité,1999,https://boxd.it/3Zq
2026-06-10,The Invite,2026,https://boxd.it/zRNY
2026-06-12,Elephants in the Fog,2026,https://boxd.it/120tE
2026-06-14,The Breadwinner,2017,https://boxd.it/frLs
2026-06-15,Human Resource,2025,https://boxd.it/Omw8
2026-06-16,Mercy,2026,https://boxd.it/KYv0
2026-06-17,Sam Bahadur,2023,https://boxd.it/uF22
2026-06-22,Ugly,2013,https://boxd.it/5MPq
2026-06-22,The Furious,2025,https://boxd.it/MQuM
2026-06-29,The Way We Were,1973,https://boxd.it/1WKs
2026-07-02,Bombay Talkies,2013,https://boxd.it/5LL8
2026-07-05,Napoleon,1927,https://boxd.it/WEC
2026-07-06,Bhumika,1977,https://boxd.it/2JMW
2026-07-06,Khamosh,1986,https://boxd.it/5I3M
2026-07-07,Dune: Part Three,2026,https://boxd.it/ImWe
2026-07-07,Sense and Sensibility,2026,https://boxd.it/VTKG
2026-07-07,Betty Blue,1986,https://boxd.it/1SBw
2026-07-08,Balan - The Boy,2026,https://boxd.it/SfT8
2026-07-09,"I, Nobody",2026,https://boxd.it/PNhc
2026-07-14,The Human Condition II: Road to Eternity,1959,https://boxd.it/1dJa
2026-07-15,Water,2005,https://boxd.it/20Sq
2026-07-15,In Water,2023,https://boxd.it/EKYU
2026-07-15,Time and Water,2026,https://boxd.it/ZsHy
2026-07-17,The Girl from the Other Side,2022,https://boxd.it/udAq
2026-07-22,Joel and Ned's Absolute Adventure,2025,https://boxd.it/147Bu
2026-07-22,Tokyo Fist,1995,https://boxd.it/Z2m
2026-07-22,In Search of The Sky,2025,https://boxd.it/WLKU
2026-07-22,Lucky Lu,2025,https://boxd.it/TPIM
2026-07-23,It Must Be Heaven,2019,https://boxd.it/jEVe
2026-07-23,Faces,1968,https://boxd.it/29Ia
2026-07-23,The Devil's Backbone,2001,https://boxd.it/28Li
2026-07-23,The Club,2015,https://boxd.it/amQC
2026-07-24,Lover,2024,https://boxd.it/KhoK
2026-07-25,Green Fish,1997,https://boxd.it/3jCy
2026-07-25,Head-On,2004,https://boxd.it/2awk
2026-07-28,Double Indemnity,1944,https://boxd.it/297I
2026-07-29,Two Sleepy People,2025,https://boxd.it/U1qq
2026-07-30,She and Her Cat: Everything Flows,2016,https://boxd.it/Oi3w
2026-07-30,Orb: On the Movements of the Earth,2024,https://boxd.it/Ug3Q
2026-07-30,Funky Forest: The First Contact,2005,https://boxd.it/1Cow
2026-08-03,It's Impossible to Learn to Plow by Reading Books,1988,https://boxd.it/2VA4
2026-08-03,Karmash,2025,https://boxd.it/Un3S
2026-08-03,Black Dog,2024,https://boxd.it/Lzqm
2026-08-04,The Loved One,2026,https://boxd.it/X5jY
2026-08-05,The Blade,1995,https://boxd.it/VSy
2026-08-05,Where to Land,2025,https://boxd.it/J2Fk
2026-08-08,The Devil's Advocate,1997,https://boxd.it/286k
2026-08-08,Primetime,2026,https://boxd.it/QX5s
2026-08-10,"20,000 Leagues Under the Sea",1954,https://boxd.it/2aXq
2026-08-11,The Girl with the Needle,2024,https://boxd.it/KQ3M
2026-08-11,DC,2026,https://boxd.it/UVH8
2026-08-13,5 Centimeters per Second,2025,https://boxd.it/Qp0I
2026-08-14,The Hart of London,1970,https://boxd.it/3Nwq
2026-08-14,The Brown Bunny,2003,https://boxd.it/1RnI
2026-08-14,Triste,1996,https://boxd.it/cIHG
2026-08-14,Out-Takes from the Life of a Happy Man,2012,https://boxd.it/5LT2
2026-08-14,Pink Floyd: The Wall,1982,https://boxd.it/1Sxk
2026-08-14,Pink Floyd: Live at Pompeii,1972,https://boxd.it/1v90
2026-08-14,Pink Floyd: Pulse,1995,https://boxd.it/1wF2
2026-08-15,Boong,2024,https://boxd.it/Oprq
2026-08-17,The Rivals of Amziah King,2025,https://boxd.it/Gw3a
2026-08-17,Sahasam,2013,https://boxd.it/6eDs
